0.0000000000000000,0.0000000000000000,0.0000000000000000,0.0000000000000000,0.0000000000000000,0.0000000000000000,0.0000000000000000,0.0000000000000000,0.0000000000000000,0.0000000000000000,0.0000000000000000,0.0000000000000000,0.0000000000000000,0.0000000000000000,0.0000000000000000,0.0000000000000000,0.0000000000000000,0.0000000000000000,0.0000000000000000,0.0000000000000000,0.0000000000000000,0.0000000000000000,0.0000000000000000,0.0000000000000000,0.0000000000000000,0.0000000000000000,0.0000000000000000,0.0000000000000000,0.0000000000000000,0.0000000000000000,0.0000000000000000,0.0000000000000000,0.0000000000000000,0.0000000000000000,0.0000000000000000,0.0000000000000000,0.0000000000000000,0.0000000000000000,0.0000000000000000,0.0000000000000000,0.0000000000000000,0.0000000000000000,0.0000000000000000,0.0000000000000000,0.0000000000000000,0.0000000000000000,0.0000000000000000,0.0000000000000000,0.0000000000000000
0.0000000000000000,-0.0090803770716235,-0.0168048818565156,-0.0221145195234222,-0.0244435115991637,-0.0237649272932547,-0.0205010230577151,-0.0153566273924108,-0.0091406282482579,-0.0026215156737689,0.0035635758153329,0.0089479946494338,0.0132357824178855,0.0162786301181654,0.0180427996803948,0.0185751603375486,0.0179734111335226,0.0163627356124823,0.0138790645491404,0.0106581916437475,0.0068296369377738,0.0025141386785097,-0.0021762115754511,-0.0071359421699927,-0.0122628061989295,-0.0174533532510502,-0.0225977053553574,-0.0275736559811645,-0.0322402169327344,-0.0364308194258707,-0.0399465452005667,-0.0425500858650383,-0.0439616076108658,-0.0438585718705365,-0.0418825898786032,-0.0376578240364753,-0.0308270986011316,-0.0211132682610694,-0.0084135500942743,0.0070686056539801,0.0246590686245374,0.0430412465621688,0.0601366848229673,0.0731428487870445,0.0788675682406043,0.0744731507159442,0.0585827477814035,0.0323790983603267,0.0000000000000000
0.0000000000000000,-0.0090117306099918,-0.0166524877003780,-0.0218574353825007,-0.0240681574627600,-0.0232750574160731,-0.0199201021565692,-0.0147229113880362,-0.0084983736033193,-0.0020122375749752,0.0041072382262875,0.0094050455317249,0.0135968084724699,0.0165439115319501,0.0182196474269083,0.0186751922747619,0.0180102535765868,0.0163502793594524,0.0138302672144247,0.0105843428972255,0.0067399665164605,0.0024156360956193,-0.0022788675920718,-0.0072404310639938,-0.0123692438805647,-0.0175644623048898,-0.0227190994693055,-0.0277142670261736,-0.0324128764732719,-0.0366529862072635,-0.0402411426044750,-0.0429463469507213,-0.0444957823436258,-0.0445741987122485,-0.0428298663756265,-0.0388914224013040,-0.0324015399715302,-0.0230748682074212,-0.0107881346419339,0.0042920933704978,0.0215468287590584,0.0397289359356450,0.0568296214582320,0.0700901153175024,0.0763053082098139,0.0725548513470868,0.0573434109717230,0.0317765631614703,0.0000000000000000
0.0000000000000000,-0.0088084607198594,-0.0162291053215009,-0.0211920376123056,-0.0231530612532268,-0.0221330009897370,-0.0186082360870184,-0.0133234967340932,-0.0071021035777360,-0.0007017276117685,0.0052687766404208,0.0103785174429158,0.0143664257483783,0.0171129890589129,0.0186050318754553,0.0189018039668006,0.0181065249593831,0.0163447546331914,0.0137493207531630,0.0104508107812323,0.0065724333446158,0.0022281272047639,-0.0024769938327903,-0.0074445487030994,-0.0125796108597073,-0.0177865484063292,-0.0229641585932654,-0.0280002017847090,-0.0327654236796417,-0.0371072157297630,-0.0408432031879362,-0.0437553142542711,-0.0455853104553706,-0.0460334444061876,-0.0447628431310234,-0.0414135173928853,-0.0356314782298167,-0.0271200737520564,-0.0157216586808064,-0.0015365727025465,0.0149196491046473,0.0325356033667408,0.0494462589740605,0.0629964929062804,0.0699877892844067,0.0673952405401505,0.0536025060890816,0.0297331561893694,0.0000000000000000
0.0000000000000000,-0.0082981149057569,-0.0152328101155327,-0.0197460822693425,-0.0213069677668788,-0.0199635625695014,-0.0162267094418899,-0.0108658888604002,-0.0047078349909107,0.0015082422593477,0.0072064566290887,0.0119937902020238,0.0156441791882745,0.0180657547525093,0.0192641639600714,0.0193092202342008,0.0183080360248819,0.0163852471636531,0.0136696289087085,0.0102859168471635,0.0063505902283221,0.0019705380985431,-0.0027562409894052,-0.0077385221247043,-0.0128887279721476,-0.0181190513888654,-0.0233369738143080,-0.0284402574506580,-0.0333114783396555,-0.0378122070172112,-0.0417770662456121,-0.0450080990298995,-0.0472702467252442,-0.0482892986089896,-0.0477544731656609,-0.0453289334411772,-0.0406729959872337,-0.0334864988087228,-0.0235783181089893,-0.0109713964832982,0.0039513164671171,0.0202653649005066,0.0363199351045492,0.0496379833265461,0.0570870059709283,0.0556171787955776,0.0437972085591719,0.0235963563649436,0.0000000000000000
0.0000000000000000,-0.0070865808639269,-0.0130032263962972,-0.0167482669637224,-0.0177607581325832,-0.0160616467056822,-0.0121616205338040,-0.0068351019951277,-0.0008961328050139,0.0049515556466423,0.0101820614723948,0.0144548723470405,0.0175896019524377,0.0195284742594594,0.0202987756332853,0.0199810310551305,0.0186846645491770,0.0165308422022363,0.0136413194942205,0.0101319287909779,0.0061094704166762,0.0016710046315174,-0.0030952000802097,-0.0081075867172505,-0.0132884339494817,-0.0185603906393070,-0.0238425343315694,-0.0290460113818310,-0.0340693029183878,-0.0387931951333745,-0.0430756202700730,-0.0467467011591122,-0.0496046043749230,-0.0514132534602640,-0.0519035813210944,-0.0507809259931950,-0.0477424212341702,-0.0425098279032442,-0.0348850814264341,-0.0248374560369535,-0.0126315106430144,0.0009993157672291,0.0146459682184548,0.0260492459646507,0.0321637650853194,0.0299777451699054,0.0189871187524931,0.0052684659873047,0.0000000000000000
0.0000000000000000,-0.0042587311937637,-0.0081027135081395,-0.0106406908613789,-0.0110653353280628,-0.0091730388608467,-0.0053698257983608,-0.0003880840382352,0.0049981520267650,0.0101429982955658,0.0145891130832674,0.0180614745307276,0.0204322416354318,0.0216794268478949,0.0218500813727491,0.0210315233505295,0.0193306954965769,0.0168603792645754,0.0137306838347907,0.0100443798898750,0.0058949279191002,0.0013663432868265,-0.0034657081125397,-0.0085319922993068,-0.0137672235401071,-0.0191071698122373,-0.0244854333117717,-0.0298299510319350,-0.0350592574134390,-0.0400785758643215,-0.0447758815450291,-0.0490181984857011,-0.0526486095190091,-0.0554847886623626,-0.0573203439469205,-0.0579309729617410,-0.0570884269872642,-0.0545866491914881,-0.0502862588773380,-0.0441858485301701,-0.0365312707388867,-0.0279764431410547,-0.0198070391107114,-0.0142118015104408,-0.0144471698936659,-0.0241500943546952,-0.0430380936542982,-0.0525370420255992,0.0000000000000000
0.0000000000000000,0.0024434451138748,0.0026967910746844,0.0017424097464692,0.0014814706155622,0.0028888900913219,0.0058736321377308,0.0098086284317276,0.0139861607968322,0.0178372762269575,0.0209857879728869,0.0232262606136900,0.0244799213417387,0.0247522133295602,0.0240994263550342,0.0226049440088752,0.0203634057931940,0.0174707555774019,0.0140184404202557,0.0100904488443244,0.0057622511219955,0.0011009910413014,-0.0038335046856063,-0.0089871861085904,-0.0143098892124926,-0.0197532085993179,-0.0252682074906475,-0.0308030192880013,-0.0363004052878578,-0.0416953662928038,-0.0469129762072892,-0.0518667230054350,-0.0564578239859559,-0.0605762753381789,-0.0641048085455134,-0.0669275562858692,-0.0689461447070146,-0.0701072631333336,-0.0704477366789545,-0.0701661084852145,-0.0697345547212068,-0.0700734738696255,-0.0728278258785833,-0.0808180010373682,-0.0987811971462902,-0.1342892790071120,-0.1954387406903001,-0.2547316172547998,0.0000000000000000
0.0000000000000000,0.0190990339796208,0.0269486115433614,0.0268957094979659,0.0248868695396321,0.0238864801284889,0.0243678205018405,0.0258089673099531,0.0275511269050930,0.0290921354076949,0.0301226008641336,0.0304840850189509,0.0301191738542672,0.0290324287337819,0.0272636684705896,0.0248707069511343,0.0219185571641782,0.0184728825881784,0.0145962175122439,0.0103459965999640,0.0057737711989472,0.0009252071155182,-0.0041594070129428,-0.0094443273312476,-0.0148973274813760,-0.0204885772323515,-0.0261895160430895,-0.0319718164499600,-0.0378065627746028,-0.0436638247707489,-0.0495129037366671,-0.0553236722165746,-0.0610696592819185,-0.0667338894303237,-0.0723190202303258,-0.0778641685542945,-0.0834721476205972,-0.0893530018275931,-0.0958933538618861,-0.1037674283285924,-0.1141174172743225,-0.1288544947005633,-0.1511844496891303,-0.1865991186892700,-0.2450233636225956,-0.3467525326021745,-0.5459419099380154,-1.0653007593536024,0.0000000000000000
0.0000000000000000,0.0639878405517587,0.0830254346870852,0.0781387229661951,0.0683147097516327,0.0601919730798762,0.0545541496734052,0.0506730996006172,0.0477718427992562,0.0453076564932063,0.0429432836418717,0.0404783496763219,0.0377981496225528,0.0348415667210541,0.0315814269716982,0.0280120831732300,0.0241412192398668,0.0199842711202690,0.0155605887741249,0.0108908187621091,0.0059951738957928,0.0008923451370284,-0.0044011339596102,-0.0098712285608842,-0.0155065891235990,-0.0212987169042973,-0.0272422564311951,-0.0333355907129477,-0.0395819705173364,-0.0459915051052859,-0.0525844890102083,-0.0593967728934689,-0.0664882434359537,-0.0739560598368217,-0.0819552062029825,-0.0907304371605141,-0.1006662672769231,-0.1123661895962167,-0.1267806524498356,-0.1454194813832081,-0.1707177399031362,-0.2066979273391600,-0.2602508847829637,-0.3438449994345129,-0.4819876352445667,-0.7292750050280397,-1.2317286091360771,-2.4868140212759169,0.0000000000000000
0.0000000000000000,0.1997778906544810,0.2164797341391775,0.1822056534076057,0.1481782593016183,0.1223522804591114,0.1032296087781494,0.0887192999938317,0.0773592772499103,0.0681821176856579,0.0605220674819875,0.0539033823985288,0.0479803893311279,0.0425018580392649,0.0372868055881370,0.0322065531975494,0.0271709486432526,0.0221177339980138,0.0170043957734545,0.0118019816567873,0.0064904452309772,0.0010551422726105,-0.0045158423259047,-0.0102338185422892,-0.0161113152137569,-0.0221638495966139,-0.0284119029044409,-0.0348834047791476,-0.0416171177720400,-0.0486674569528464,-0.0561115133749822,-0.0640594158656925,-0.0726697546941947,-0.0821727466072949,-0.0929053907723824,-0.1053655478456444,-0.1202965853558708,-0.1388228246013513,-0.1626724072162318,-0.1945570286212581,-0.2388477821204495,-0.3028450148835441,-0.3993294600136545,-0.5521219682827554,-0.8094190371305716,-1.2794039759034828,-2.2367779586289060,-4.4827245735266352,0.0000000000000000
0.0000000000000000,0.6748156036635227,0.5363071286572920,0.3902143568900023,0.2930959765851366,0.2271317549909839,0.1800793430427854,0.1454474923602881,0.1194191333606737,0.0994835607565763,0.0838879419165420,0.0713800780189084,0.0610594502825249,0.0522778669383334,0.0445689790847588,0.0375973092742011,0.0311212656686392,0.0249663138679784,0.0190055192500158,0.0131454014184124,0.0073155845851768,0.0014611251798966,-0.0044633192935478,-0.0104981179429009,-0.0166826070703969,-0.0230587951381557,-0.0296752710150957,-0.0365917984707276,-0.0438851932060339,-0.0516572817668123,-0.0600460774125826,-0.0692418568228041,-0.0795107041298873,-0.0912295518267673,-0.1049391869182665,-0.1214259049752215,-0.1418499581370757,-0.1679526318364436,-0.2023998523913452,-0.2493719896597931,-0.3156171847905856,-0.4124208689722044,-0.5594853653554164,-0.7930194354166973,-1.1836105953425444,-1.8777727295372795,-3.1973097165546975,-5.8689942137162561,0.0000000000000000
0.0000000000000000,2.6290363168654203,1.2637495267448053,0.7960629191324138,0.5512077054831359,0.3985807346609800,0.2967725924406771,0.2264551151382880,0.1766419621954124,0.1405232104722982,0.1136986576692858,0.0932559711222412,0.0772348267031190,0.0642975934789187,0.0535204723178365,0.0442582402807735,0.0360552129135371,0.0285857744565111,0.0216140878989374,0.0149663889444349,0.0085116024899300,0.0021474806207276,-0.0042096212910622,-0.0106326444099803,-0.0171903670803926,-0.0239533540685978,-0.0310000036930435,-0.0384234023950357,-0.0463398245307603,-0.0548999734867185,-0.0643045117881417,-0.0748261694753777,-0.0868419363810380,-0.1008808636115084,-0.1176963939000820,-0.1383779921670975,-0.1645271800243044,-0.1985418236417529,-0.2440875674119787,-0.3069028237119831,-0.3962180384375149,-0.5273452483629888,-0.7265725776512562,-1.0407307063667663,-1.5563912438884926,-2.4387421585740663,-4.0079925134555108,-6.8719712563736177,0.0000000000000000
0.0000000000000000,6.0424589726738542,2.8088779280981431,1.5813805694218079,0.9896032447778090,0.6606040293348665,0.4616055721319736,0.3344149734320093,0.2497073885880333,0.1913192564839935,0.1497941342660040,0.1193585679246241,0.0963698060352509,0.0784666462327543,0.0640828402204129,0.0521580049575576,0.0419606709427394,0.0329771079589471,0.0248397927384063,0.0172803101167817,0.0100975957838705,0.0031359370636674,-0.0037307996839620,-0.0106110334257105,-0.0176050196632042,-0.0248132819779145,-0.0323449224898982,-0.0403267832905098,-0.0489145515681211,-0.0583072114564163,-0.0687667946121946,-0.0806463122275520,-0.0944302749536047,-0.1107947556342137,-0.1306982133946297,-0.1555216212737018,-0.1872892331766600,-0.2290241847397234,-0.2853348201072765,-0.3634052599368713,-0.4747108012845682,-0.6380607785723491,-0.8851131364967187,-1.2705258874808658,-1.8907227171088661,-2.9179840332048155,-4.6588372005360075,-7.6404098175120465,0.0000000000000000
0.0000000000000000,11.9189455343358706,5.3082893743625608,2.7615027810115196,1.6022736195170915,1.0047596095639189,0.6677135522957374,0.4644670087800662,0.3353571458598495,0.2497364801589536,0.1907861567911041,0.1487858224028437,0.1178766316605289,0.0944007418736752,0.0760043404860519,0.0611319837192127,0.0487309323627108,0.0380726248622419,0.0286416823318213,0.0200649710077584,0.0120650037459998,0.0044284028278235,-0.0030162275874666,-0.0104145867250658,-0.0178994854507693,-0.0256018674587845,-0.0336613888365280,-0.0422377966811605,-0.0515244518219757,-0.0617656730797266,-0.0732802077318987,-0.0864942020802296,-0.1019888173248764,-0.1205705778611441,-0.1433774581846898,-0.1720420925225541,-0.2089479908408678,-0.2576401624298066,-0.3234971894894314,-0.4148544709042974,-0.5449193843119446,-0.7350948323678965,-1.0208234019349920,-1.4619190208571533,-2.1606900864891374,-3.2927983098103581,-5.1563920692425587,-8.2404707197874814,0.0000000000000000
0.0000000000000000,15.8378791170034674,7.5932948492107073,3.9715176897286342,2.2545972723477012,1.3734370053874017,0.8874666730727091,0.6022375785431886,0.4256625424130807,0.3112012166870897,0.2339386852772833,0.1798496079943650,0.1406854196950555,0.1114058525534324,0.0888257886867730,0.0708715440031548,0.0561563042885676,0.0437292934085431,0.0329228428817654,0.0232563458859741,0.0143741486860810,0.0060041204292270,-0.0020710030140867,-0.0100343910763482,-0.0180511729353925,-0.0262819719951892,-0.0348956040254790,-0.0440824318530200,-0.0540699356227295,-0.0651423897802481,-0.0776671973789899,-0.0921315818032731,-0.1091952330260848,-0.1297676570247578,-0.1551242169117673,-0.1870837259112508,-0.2282856884301971,-0.2826318670276953,-0.3560039379373339,-0.4574533693116067,-0.6012119267068061,-0.8101455733098013,-1.1217607186162799,-1.5986960693845731,-2.3468955981269151,-3.5461481309911087,-5.4980536414614365,-8.6918152653765297,0.0000000000000000
0.0000000000000000,18.2117454968241574,9.1818665333421130,4.9001275893053169,2.7886478396948791,1.6889562614961289,1.0818294842899050,0.7273433541084042,0.5095114917627088,0.3693912550115399,0.2755071294068023,0.2102488977030152,0.1633346632467667,0.1285261797695104,0.1019061414423924,0.0809376415815861,0.0639312135935408,0.0497322859251332,0.0375319737202914,0.0267490375964798,0.0169540303176239,0.0078190190396789,-0.0009169500032300,-0.0094726730924091,-0.0180437577454276,-0.0268183693411743,-0.0359917253273391,-0.0457810289207702,-0.0564425504879432,-0.0682928671176628,-0.0817369220843370,-0.0973067062636928,-0.1157162567051812,-0.1379417923794888,-0.1653409887638526,-0.1998341090105538,-0.2441846258638789,-0.3024429520461571,-0.3806630200778365,-0.4880847649467932,-0.6391284294844728,-0.8568299838476614,-1.1788722433525667,-1.6683197932102738,-2.4327854756792302,-3.6580369118802984,-5.6634501918023714,-8.9803843390715592,0.0000000000000000
0.0000000000000000,19.3304080611224762,9.9010201351322813,5.3585075947724023,3.0845630622797047,1.8844528529376028,1.2145029517510544,0.8198354061981443,0.5756169491214580,0.4176896365676970,0.3114676526112488,0.2374494541148617,0.1841760697494044,0.1446584244819827,0.1144882612477677,0.0907997601061708,0.0716778479559506,0.0558096274443155,0.0422725786522525,0.0304020305022526,0.0197058137749856,0.0098076167571413,0.0004080770794712,-0.0087431272086230,-0.0178684887602466,-0.0271801003781184,-0.0368954548556814,-0.0472534238245413,-0.0585321796504135,-0.0710710860363582,-0.0852991682907209,-0.1017738309360556,-0.1212352315608888,-0.1446845913458907,-0.1734994487350109,-0.2096067749233821,-0.2557483837612160,-0.3158966828501988,-0.3959211766154032,-0.5046843408840123,-0.6558943554369061,-0.8713342861491009,-1.1866756593248402,-1.6622863027175683,-2.4038630915954737,-3.6022072088264476,-5.6075285155757584,-9.0502210622233221,0.0000000000000000
0.0000000000000000,19.0539769657204019,9.6128495495195025,5.2491794233486164,3.0810005857289249,1.9228839246557587,1.2632651394473982,0.8662342425191034,0.6156363421154749,0.4508062835341908,0.3383789659104912,0.2591556278469536,0.2016414248219949,0.1587077914924457,0.1257930471400097,0.0998943991552871,0.0789834617138539,0.0616565159939348,0.0469190643443417,0.0340494060163741,0.0225098802889392,0.0118874538388566,0.0018526366635210,-0.0078701069590130,-0.0175248510052990,-0.0273425958183737,-0.0375577494113115,-0.0484245132016359,-0.0602349000642903,-0.0733403051060619,-0.0881790392619831,-0.1053131274160106,-0.1254791496061329,-0.1496603118332800,-0.1791908639945020,-0.2159105125890910,-0.2623975820647910,-0.3223291196411475,-0.4010514143245931,-0.5065111006934369,-0.6508293082669447,-0.8530777175916500,-1.1444249079950817,-1.5782351294971155,-2.2511092913376354,-3.3491577192570556,-5.2528392616059403,-8.7647831618575687,0.0000000000000000
0.0000000000000000,16.6703041605544868,8.1756032950107063,4.5699133172370008,2.7866978383855194,1.8063291112841142,1.2259429260726940,0.8630743057952541,0.6262226930061474,0.4659645115646494,0.3540774122432684,0.2737255242178367,0.2144962357429128,0.1697466609460846,0.1351210347296782,0.1076915805253204,0.0854447833557828,0.0669654647084101,0.0512374397661734,0.0375146163811935,0.0252355888411156,0.0139655585197054,0.0033556400646646,-0.0068867411069893,-0.0170204820857183,-0.0272893038916086,-0.0379382045597244,-0.0492295707364594,-0.0614605376154430,-0.0749833093022013,-0.0902305144226594,-0.1077483554680067,-0.1282414309956416,-0.1526349174980465,-0.1821626988229474,-0.2184947736270368,-0.2639252272315122,-0.3216558622547985,-0.3962356282036317,-0.4942638652020106,-0.6255627803110388,-0.8052374372955007,-1.0575452416695574,-1.4237959015375257,-1.9801683679073392,-2.8826617844399407,-4.4948061543793099,-7.7993501919794381,0.0000000000000000
0.0000000000000000,10.6701044017100202,5.7002089002182785,3.4877461348858052,2.2930689264456969,1.5766874203099510,1.1201357887257450,0.8170368820528613,0.6093844833182662,0.4632813341184450,0.3579941009322092,0.2804106722865667,0.2220129051818511,0.1771373263793445,0.1419388949529331,0.1137558942214890,0.0907112959210343,0.0714571488861195,0.0550073782363309,0.0406262453645898,0.0277524174762801,0.0159461081080861,0.0048512953733714,-0.0058322111084499,-0.0163703723434669,-0.0270126570920275,-0.0380077489333407,-0.0496187219875673,-0.0621390520301697,-0.0759108836110430,-0.0913472038388665,-0.1089600244493804,-0.1293974066068486,-0.1534933129775534,-0.1823360648420453,-0.2173640008955185,-0.2605014907262670,-0.3143560732801247,-0.3825108597666318,-0.4699711915386633,-0.5838741200707496,-0.7346765583125308,-0.9382928936942623,-1.2203278439115093,-1.6255776976430631,-2.2430207438401393,-3.2853974162789377,-5.4039828521693813,0.0000000000000000
0.0000000000000000,5.4019677465359308,3.4246761526917480,2.4184453325006379,1.7595119269933199,1.3009963415239931,0.9755752354816645,0.7415725363847643,0.5711340417876385,0.4452941147540672,0.3510382339284772,0.2793719307437703,0.2240271009490040,0.1805932448153863,0.1459334141329148,0.1177903631947450,0.0945195375480016,0.0749066837857195,0.0580420860311747,0.0432328479170318,0.0299408660115805,0.0177382204095085,0.0062743895547198,-0.0047485553213458,-0.0155954634402568,-0.0265142758768560,-0.0377503354277964,-0.0495600486258702,-0.0622249824993503,-0.0760674776551876,-0.0914689622851412,-0.1088923831569432,-0.1289105252581599,-0.1522425337311065,-0.1798017147937201,-0.2127587722681462,-0.2526261458857146,-0.3013712550891550,-0.3615695012214859,-0.4366123268426279,-0.5309922447284430,-0.6506968626204737,-0.8037602007756393,-1.0010527434314791,-1.2575191449683825,-1.5949471663756034,-2.0546374856491694,-2.7935206896747857,0.0000000000000000
0.0000000000000000,1.8550560815148018,1.8855616248914828,1.6014600538077808,1.2978015059076440,1.0344578065598693,0.8205047214068282,0.6513652690124578,0.5191141915498951,0.4159270289501447,0.3351560747799918,0.2715045076985032,0.2208812766274055,0.1801733815483733,0.1470256787207357,0.1196565545202779,0.0967131804361032,0.0771613752920444,0.0602030697733431,0.0452147758428076,0.0317016384497019,0.0192628467440685,0.0075652191540198,-0.0036774192439004,-0.0147208498556113,-0.0258044301899973,-0.0371634884715699,-0.0490410297991168,-0.0616995248762342,-0.0754335126266734,-0.0905837471294835,-0.1075536591066411,-0.1268289555276422,-0.1490012222965093,-0.1747963597804540,-0.2051084451407754,-0.2410389349992118,-0.2839394857970577,-0.3354530235039697,-0.3975397557799305,-0.4724574867993419,-0.5626268839743329,-0.6702224248599761,-0.7961078795987072,-0.9371301461396676,-1.0788257151544918,-1.1724983747268465,-1.0447583416598891,0.0000000000000000
0.0000000000000000,0.7894569066502811,1.0536459103205478,1.0467478510194339,0.9385298587896203,0.8040369417486795,0.6736250424889642,0.5582619052751987,0.4605059841537109,0.3794119809784076,0.3127787730941507,0.2581610395564794,0.2132910776761404,0.1762224956744329,0.1453486956565972,0.1193703944105602,0.0972470988834978,0.0781479605653835,0.0614080292491653,0.0464915416982389,0.0329619801137692,0.0204579254245409,0.0086735747523260,-0.0026571466193611,-0.0137738130796234,-0.0249008541223642,-0.0362576947447402,-0.0480682316794665,-0.0605701164190113,-0.0740242466914119,-0.0887247928615099,-0.1050099925109951,-0.1232737819999784,-0.1439780429005993,-0.1676646971173680,-0.1949658826879325,-0.2266085984036847,-0.2634068119501654,-0.3062277486802046,-0.3559073332383010,-0.4130673826158535,-0.4777435514211383,-0.5486454554834235,-0.6216877719108158,-0.6870345726908275,-0.7230351237248296,-0.6839545990871325,-0.4805639857846478,0.0000000000000000
0.0000000000000000,0.3999204965274022,0.6221983511927525,0.6931820640765751,0.6763890501418814,0.6180061902095348,0.5446558854120704,0.4701490244721667,0.4009463259340098,0.3395310771146964,0.2863460882522652,0.2408678124374292,0.2021823757156387,0.1692807618521329,0.1411994435380738,0.1170784539668444,0.0961771512904818,0.0778696461401126,0.0616315823668469,0.0470242166844974,0.0336786382203275,0.0212813243611441,0.0095613913729275,-0.0017205153821865,-0.0127819194579554,-0.0238270917038505,-0.0350547897284293,-0.0466654144107265,-0.0588677821766639,-0.0718856343795254,-0.0859638903057942,-0.1013744785212389,-0.1184212996206973,-0.1374434135748606,-0.1588147861460315,-0.1829376643510423,-0.2102245483856822,-0.2410602131548282,-0.2757293613221664,-0.3142856613453761,-0.3563215246303255,-0.4005709409138444,-0.4442346838355187,-0.4818558361296368,-0.5035190613291933,-0.4922698301647615,-0.4217512790235667,-0.2600343107692500,0.0000000000000000
0.0000000000000000,0.2304268174605845,0.3907316582267112,0.4711465369869700,0.4912037415527760,0.4738789529618563,0.4367620260358477,0.3912984637590330,0.3442435208773740,0.2992353101823054,0.2579884652939002,0.2210966544435098,0.1885391800173342,0.1599868406818876,0.1349791648433033,0.1130223356144712,0.0936397267833200,0.0763949839175809,0.0608997510611657,0.0468131992409128,0.0338374888976154,0.0217114779037079,0.0102039105577057,-0.0008932916423980,-0.0117713658371994,-0.0226105732278213,-0.0335855838355770,-0.0448703916342492,-0.0566427378535633,-0.0690879516628569,-0.0824019889660373,-0.0967932546217348,-0.1124824751818666,-0.1296994058308799,-0.1486744035246858,-0.1696217429218467,-0.1927097757650686,-0.2180103558141948,-0.2454159654562847,-0.2745072777443930,-0.3043462723720873,-0.3331615252760511,-0.3578879724949823,-0.3735409179390882,-0.3724968281495830,-0.3440674304652824,-0.2756092498304983,-0.1581120352073663,0.0000000000000000
0.0000000000000000,0.1454620332010649,0.2592210797458538,0.3298313256992963,0.3615452221682298,0.3645753618760371,0.3491413020505590,0.3232750607362654,0.2925592565622305,0.2605578205481386,0.2293715794071028,0.2001174960517109,0.1732867695047472,0.1489928053818023,0.1271344684028704,0.1074992772119063,0.0898261219663798,0.0738416489144200,0.0592800094038031,0.0458923812610380,0.0334503847393451,0.0217459794579314,0.0105894388467194,-0.0001936376235269,-0.0107656947786907,-0.0212806338747940,-0.0318870470001712,-0.0427311053388698,-0.0539589235904899,-0.0657181677676997,-0.0781585558362117,-0.0914307160231490,-0.1056825810999321,-0.1210520800074776,-0.1376542851118436,-0.1555603140794384,-0.1747641029458543,-0.1951316076533149,-0.2163251033697450,-0.2376933684510526,-0.2581177360245056,-0.2758071148475234,-0.2880489533802691,-0.2909629621795899,-0.2794004777625931,-0.2473306955372369,-0.1893678033767215,-0.1042568477488137,0.0000000000000000
0.0000000000000000,0.0979481112729290,0.1798790111389702,0.2374534382559818,0.2702232070058342,0.2822777462476377,0.2791283137893109,0.2659317979796917,0.2468005393627881,0.2247116666171413,0.2016685749643404,0.1789289964485503,0.1572183014265659,0.1369010124841959,0.1181079429983511,0.1008255783723337,0.0849564209812926,0.0703582923204267,0.0568689902451596,0.0443210607524307,0.0325500578966910,0.0213986237073301,0.0107179552910333,0.0003677134917952,-0.0097849327163052,-0.0198666552859243,-0.0299993672521822,-0.0403013955488764,-0.0508881575759222,-0.0618720321416911,-0.0733610209851142,-0.0854556495765636,-0.0982433349527012,-0.1117891463381207,-0.1261214773790399,-0.1412106404487519,-0.1569377999196662,-0.1730510894670917,-0.1891054606742516,-0.2043833976488570,-0.2177963533735606,-0.2277741227428337,-0.2321658641389658,-0.2282092366549802,-0.2126808215133723,-0.1824177536857066,-0.1354422515233211,-0.0727408289611394,0.0000000000000000
0.0000000000000000,0.0690679208242469,0.1293066912019815,0.1751344351706270,0.2049718939110921,0.2201737758364179,0.2235475763250947,0.2182266094723981,0.2070418430550968,0.1922718852325642,0.1756126765521956,0.1582494203617495,0.1409614481278835,0.1242253855803637,0.1083025285458834,0.0933070353877942,0.0792563695359910,0.0661071532677404,0.0537798122628210,0.0421749771315481,0.0311840160649725,0.0206954998661286,0.0105989292511497,0.0007866802637080,-0.0088451463708950,-0.0183964679118734,-0.0279631645391531,-0.0376369025782593,-0.0475045281499388,-0.0576466994724548,-0.0681353602790168,-0.0790295575218780,-0.0903689623946536,-0.1021642683549896,-0.1143834287985746,-0.1269324864481470,-0.1396296102049172,-0.1521710444313727,-0.1640882867245118,-0.1746974837072822,-0.1830456881521138,-0.1878656896280578,-0.1875634696137693,-0.1802812954889276,-0.1641026647140677,-0.1374784544810427,-0.0999164859237663,-0.0528163824069110,0.0000000000000000
0.0000000000000000,0.0503475993308722,0.0954905791362644,0.1317324232403758,0.1574730860891095,0.1729185388570053,0.1794094779095269,0.1787745893519394,0.1728778679663524,0.1633694933662049,0.1515867481106273,0.1385452825376747,0.1249753258638980,0.1113742805975494,0.0980600794364805,0.0852180978952584,0.0729392370501263,0.0612492588549328,0.0501305281146685,0.0395376299344431,0.0294082770318380,0.0196707313218638,0.0102487253900783,0.0010646538937608,-0.0079583656812328,-0.0168950964360589,-0.0258170703658485,-0.0347914402323076,-0.0438794875785078,-0.0531344734677661,-0.0625984801554875,-0.0722978409823629,-0.0822366744702570,-0.0923879622476150,-0.1026815467690844,-0.1129884283211947,-0.1231008807160393,-0.1327083365166563,-0.1413699354397158,-0.1484864526681275,-0.1532774935071619,-0.1547749070667128,-0.1518505282998699,-0.1433045654516550,-0.1280458663090062,-0.1053863096890546,-0.0754301226753716,-0.0394474963533125,0.0000000000000000
0.0000000000000000,0.0375782445340401,0.0719271127759996,0.1005733544599291,0.1221843755906393,0.1365280540931176,0.1441789536844816,0.1461653671309629,0.1436748973544316,0.1378575445070184,0.1297187176594527,0.1200776907252093,0.1095664214576478,0.0986494418491682,0.0876520655482324,0.0767895239032964,0.0661932910440588,0.0559331261663101,0.0460346246597587,0.0364926917794731,0.0272816027904620,0.0183623512904684,0.0096879316820442,0.0012071176008859,-0.0071327930227241,-0.0153838774021834,-0.0235958007293966,-0.0318140515777201,-0.0400779238494838,-0.0484179750993905,-0.0568526777294661,-0.0653839596832936,-0.0739913085504944,-0.0826241098048090,-0.0911919259848918,-0.0995525447132698,-0.1074978926900538,-0.1147384402090766,-0.1208876429858881,-0.1254494651511903,-0.1278142547259895,-0.1272712196301123,-0.1230490248957224,-0.1143981373334743,-0.1007262111582860,-0.0817855461659231,-0.0578834143095578,-0.0300423821167407,0.0000000000000000
0.0000000000000000,0.0284966165348942,0.0549101969562371,0.0775607888168739,0.0954120970895139,0.1081018944796144,0.1158190076607604,0.1191162104661579,0.1187289847860124,0.1154354522133174,0.1099654766975289,0.1029521288817185,0.0949137365563829,0.0862551319033050,0.0772792628281453,0.0682031488174732,0.0591745163153214,0.0502871318954300,0.0415939653171954,0.0331179742428512,0.0248606548148111,0.0168086627802788,0.0089388725622781,0.0012222379670523,-0.0063732107057655,-0.0138799377821461,-0.0213287731160872,-0.0287468406216084,-0.0361553178965720,-0.0435668128096217,-0.0509821412528779,-0.0583862995349561,-0.0657434380817853,-0.0729906845961829,-0.0800307526172458,-0.0867234365577017,-0.0928763909139286,-0.0982360707175134,-0.1024804459683966,-0.1052161463064653,-0.1059840240053671,-0.1042785597016773,-0.0995875267371804,-0.0914577556077868,-0.0795888608458564,-0.0639472258917509,-0.0448764969417259,-0.0231622350014733,0.0000000000000000
0.0000000000000000,0.0218043298994618,0.0422262544660160,0.0601088264213072,0.0746699095478356,0.0855446058596439,0.0927377531553450,0.0965268810084951,0.0973542742633526,0.0957331431409542,0.0921784984895688,0.0871633925225413,0.0810961028551637,0.0743123640684924,0.0670771705869240,0.0595918790637736,0.0520036262175175,0.0444151762603488,0.0368941420736446,0.0294810743903590,0.0221962600964873,0.0150452791303030,0.0080234772534601,0.0011195564781984,-0.0056815041819374,-0.0123959892983150,-0.0190392471065987,-0.0256235648599599,-0.0321559474564537,-0.0386356375596724,-0.0450512268739731,-0.0513772326629329,-0.0575700457003312,-0.0635632178668684,-0.0692621592456765,-0.0745384831643402,-0.0792244957929463,-0.0831087015341808,-0.0859337072460582,-0.0873985459253181,-0.0871681148500402,-0.0848929266993617,-0.0802422784523883,-0.0729525796975009,-0.0628891081809001,-0.0501132972280948,-0.0349394397908204,-0.0179576120827496,0.0000000000000000
0.0000000000000000,0.0167156991160789,0.0324963012276133,0.0465373712918611,0.0582582857925368,0.0673393441017142,0.0737067025570840,0.0774831398536591,0.0789252854339237,0.0783631590357788,0.0761509687731625,0.0726320942046984,0.0681174465947697,0.0628745638839392,0.0571243992292318,0.0510430389216005,0.0447662033165743,0.0383949968472908,0.0320019256098600,0.0256365943006294,0.0193307984634015,0.0131029112956786,0.0069615868342317,0.0009088606319690,-0.0050572301916044,-0.0109403744422432,-0.0167439228113872,-0.0224689052908259,-0.0281120020269615,-0.0336633571390312,-0.0391041385796237,-0.0444037782907178,-0.0495168657926422,-0.0543797300751842,-0.0589068457576409,-0.0629873405437389,-0.0664820790640388,-0.0692220601068967,-0.0710091832021094,-0.0716207796377736,-0.0708195695082406,-0.0683707358106122,-0.0640673342816090,-0.0577639380426288,-0.0494159517977315,-0.0391184545082491,-0.0271345328017072,-0.0139008021097289,0.0000000000000000
0.0000000000000000,0.0127334137036065,0.0248282448338120,0.0357234735452997,0.0449940663761312,0.0523792320886635,0.0577804712240378,0.0612373504069109,0.0628917184328849,0.0629499048378883,0.0616492643364046,0.0592321588091027,0.0559279850345795,0.0519423684513071,0.0474520017205066,0.0426035008684097,0.0375148633857559,0.0322784041068764,0.0269643684809190,0.0216246932047129,0.0162966018519196,0.0110058713699063,0.0057697122830318,0.0005992730550477,-0.0044981745265140,-0.0095172952081897,-0.0144529098877840,-0.0192982876172944,-0.0240434239402485,-0.0286732349182695,-0.0331656096180954,-0.0374892954046442,-0.0416016244385956,-0.0454461499863155,-0.0489503429171515,-0.0520236059018397,-0.0545560015645439,-0.0564182582283337,-0.0574637933186464,-0.0575336452615991,-0.0564652527182727,-0.0541058637283357,-0.0503308468638354,-0.0450661667156332,-0.0383127216139783,-0.0301683100728770,-0.0208412793307287,-0.0106494622421146,0.0000000000000000
0.0000000000000000,0.0095300992044285,0.0186248712575214,0.0268956118162544,0.0340368985599047,0.0398466195233128,0.0442286726974500,0.0471815389942932,0.0487783425781074,0.0491438300572007,0.0484324864761853,0.0468102441777688,0.0444407832574139,0.0414763446253619,0.0380524158645446,0.0342854135379777,0.0302724952839143,0.0260927349524048,0.0218090794558761,0.0174706601921042,0.0131151788469064,0.0087711912834776,0.0044602050978851,0.0001985649121976,-0.0040008606787504,-0.0081271586714893,-0.0121699636313725,-0.0161181068610505,-0.0199582684431108,-0.0236735879464515,-0.0272422031245432,-0.0306357096084519,-0.0338175688196269,-0.0367415383568737,-0.0393502606024585,-0.0415742203680406,-0.0433313752947383,-0.0445278578625985,-0.0450602349803152,-0.0448198556587364,-0.0436997733907362,-0.0416045351111651,-0.0384627120292281,-0.0342413635687950,-0.0289607041955953,-0.0227062580145186,-0.0156350995042353,-0.0079729117149122,0.0000000000000000
0.0000000000000000,0.0068825401292518,0.0134734849545283,0.0195092787441374,0.0247770479477496,0.0291281758833391,0.0324819215287127,0.0348203921285392,0.0361777045672623,0.0366263700153273,0.0362635108391655,0.0351986436807043,0.0335439416658285,0.0314071961585250,0.0288872900887551,0.0260717488476388,0.0230358711493396,0.0198429573956319,0.0165452407095337,0.0131852042991655,0.0097970596314638,0.0064082331177338,0.0030407791242852,-0.0002873223198149,-0.0035609914331827,-0.0067669829704610,-0.0098928953243936,-0.0129262205013997,-0.0158533972043911,-0.0186588392856367,-0.0213239175906281,-0.0238258986988522,-0.0261368694938504,-0.0282227110089893,-0.0300422301122196,-0.0315466101640506,-0.0326793979481706,-0.0333772960847628,-0.0335720640328719,-0.0331938297825050,-0.0321760439100100,-0.0304621386103874,-0.0280136588823354,-0.0248192065855429,-0.0209030244675909,-0.0163315699852470,-0.0112161905498526,-0.0057102570935016,0.0000000000000000
0.0000000000000000,0.0046334977635594,0.0090801881479412,0.0131697758555347,0.0167620106859590,0.0197554393421622,0.0220904401705988,0.0237472150591125,0.0247400509765879,0.0251095472841380,0.0249143050337812,0.0242232177157211,0.0231090320609213,0.0216434643529199,0.0198938572040690,0.0179211842928553,0.0157791341451822,0.0135139842936954,0.0111650064024834,0.0087651818136042,0.0063420622124181,0.0039186616266051,0.0015143088817348,-0.0008545795472945,-0.0031738132675391,-0.0054308177248753,-0.0076140754888554,-0.0097125907310505,-0.0117153453361177,-0.0136107187254355,-0.0153858530944476,-0.0170259654669869,-0.0185136256983157,-0.0198280474975000,-0.0209444738081944,-0.0218337743004040,-0.0224624066276604,-0.0227929205752970,-0.0227851949711146,-0.0223985812143762,-0.0215950597789727,-0.0203433934772794,-0.0186240684761996,-0.0164345648267540,-0.0137942213128472,-0.0107477405141192,-0.0073663157751695,-0.0037455684457136,0.0000000000000000
0.0000000000000000,0.0026687333357267,0.0052294247198618,0.0075831440315319,0.0096477804087034,0.0113631155116403,0.0126928394082348,0.0136237524686976,0.0141627894422204,0.0143327468015009,0.0141675468601773,0.0137077145924983,0.0129965167566690,0.0120769752299628,0.0109897906020147,0.0097720917179638,0.0084568671320835,0.0070728964607842,0.0056450124390468,0.0041945423570548,0.0027398173322320,0.0012966644172744,-0.0001211703468560,-0.0015016900506892,-0.0028344024691876,-0.0041101481591713,-0.0053209692510960,-0.0064599859935967,-0.0075212386578996,-0.0084994625478138,-0.0093897694208710,-0.0101872245486274,-0.0108863251248367,-0.0114804112735874,-0.0119610690720888,-0.0123176134097989,-0.0125367619770828,-0.0126026304684054,-0.0124971816206276,-0.0122012423257413,-0.0116961516580930,-0.0109660201088279,-0.0100004614019526,-0.0087975154504231,-0.0073663357576748,-0.0057291154177211,-0.0039217179589998,-0.0019926132552924,0.0000000000000000
0.0000000000000000,0.0009026560103851,0.0017582683825583,0.0025241977393426,0.0031659566266584,0.0036596063125209,0.0039926929060974,0.0041637260246845,0.0041805695246226,0.0040581472852785,0.0038159242779287,0.0034755346123109,0.0030588135385369,0.0025863552288842,0.0020766225038480,0.0015455562657511,0.0010065825505910,0.0004708845711343,-0.0000521851893687,-0.0005546604426582,-0.0010295716475073,-0.0014706736823126,-0.0018723189248963,-0.0022294764614394,-0.0025378795457663,-0.0027942664654884,-0.0029966675475780,-0.0031446812885045,-0.0032396838940382,-0.0032849210804901,-0.0032854370635229,-0.0032478124130361,-0.0031797028699653,-0.0030891970798250,-0.0029840408256047,-0.0028708022964560,-0.0027540789093994,-0.0026358619854817,-0.0025151766376622,-0.0023880996080372,-0.0022482195166258,-0.0020875472218916,-0.0018978084127026,-0.0016719653958410,-0.0014057374462616,-0.0010988390664057,-0.0007556578877645,-0.0003851659137521,0.0000000000000000
0.0000000000000000,-0.0007309980140343,-0.0014602802298442,-0.0021847275571332,-0.0028988019135251,-0.0035940190837255,-0.0042590498836381,-0.0048804188945571,-0.0054436074047037,-0.0059343654803469,-0.0063399785997041,-0.0066503065472222,-0.0068584607629357,-0.0069610703702154,-0.0069581397689243,-0.0068525688984339,-0.0066494392840085,-0.0063551979617345,-0.0059768539657110,-0.0055212972034400,-0.0049948222749313,-0.0044029058857756,-0.0037502479172745,-0.0030410605254750,-0.0022795606087494,-0.0014706058273452,-0.0006203911419400,0.0002628766951860,0.0011684134371141,0.0020824815429377,0.0029882767154792,0.0038661253155519,0.0046940157488279,0.0054484532958283,0.0061055909516945,0.0066425510970093,0.0070388217266491,0.0072775928541591,0.0073468964647771,0.0072404268992415,0.0069579543357894,0.0065052921775902,0.0058938373113878,0.0051397601901942,0.0042629723188274,0.0032860288460576,0.0022331255346643,0.0011293146749988,0.0000000000000000
0.0000000000000000,-0.0022851467258481,-0.0045283367405274,-0.0066881558398444,-0.0087244592194352,-0.0105991761440721,-0.0122773294355863,-0.0137281449842989,-0.0149261871130554,-0.0158523607959516,-0.0164946530041740,-0.0168484905033777,-0.0169166521071801,-0.0167087084007921,-0.0162400364176849,-0.0155305016751212,-0.0146029531715706,-0.0134816873810783,-0.0121910430006637,-0.0107542658932708,-0.0091927475454159,-0.0075256876888307,-0.0057701896423767,-0.0039417482118027,-0.0020550593022682,-0.0001250455858528,0.0018320210450101,0.0037974281896689,0.0057490943266959,0.0076609269236754,0.0095025739853425,0.0112396453574363,0.0128344417093132,0.0142471824892625,0.0154376666656224,0.0163672467263742,0.0170009555045137,0.0173095997986416,0.0172716346592800,0.0168746537832068,0.0161163792422780,0.0150050923445125,0.0135595072562657,0.0118081436959556,0.0097882975745949,0.0075447295063630,0.0051281923091613,0.0025938987602557,0.0000000000000000
0.0000000000000000,-0.0038033776305133,-0.0075306248484811,-0.0111073596395763,-0.0144626515191156,-0.0175307977166894,-0.0202530736757747,-0.0225794067513997,-0.0244698804429508,-0.0258959474510439,-0.0268412147751946,-0.0273016865354534,-0.0272853775620518,-0.0268112758043545,-0.0259077027230158,-0.0246102039018822,-0.0229591598773766,-0.0209973560510915,-0.0187677523673211,-0.0163116634152208,-0.0136675009978892,-0.0108701634791422,-0.0079510787726532,-0.0049388441913466,-0.0018603457255435,0.0012577932609776,0.0043876121242255,0.0074982512014892,0.0105546219725466,0.0135164879592136,0.0163381124850293,0.0189685849880932,0.0213528821187975,0.0234336449248864,0.0251535688557186,0.0264582253130060,0.0272990720604059,0.0276363772195217,0.0274417901359551,0.0267003369902954,0.0254116981003133,0.0235907117681447,0.0212671327985654,0.0184847394203107,0.0152999228715941,0.0117799043087074,0.0080007131737443,0.0040450343728473,0.0000000000000000
0.0000000000000000,-0.0053226814969840,-0.0105395824528665,-0.0155471925989092,-0.0202465171182245,-0.0245454165056305,-0.0283609413024628,-0.0316216320344680,-0.0342696768359240,-0.0362627569210348,-0.0375754038751899,-0.0381996520016905,-0.0381448314180979,-0.0374363996619175,-0.0361138445390197,-0.0342277998150585,-0.0318366500271205,-0.0290029787682676,-0.0257902345890194,-0.0222599434375254,-0.0184697203943532,-0.0144722137045873,-0.0103150049169323,-0.0060413748033071,-0.0016917737466993,0.0026942231664849,0.0070757322322662,0.0114084219884476,0.0156426907988984,0.0197224182973750,0.0235845128819161,0.0271594183829638,0.0303726552630356,0.0331473607666380,0.0354076659976707,0.0370826276860707,0.0381103397402315,0.0384418104487292,0.0380442188911149,0.0369032538895427,0.0350243748809033,0.0324329802170135,0.0291735950333878,0.0253082761130223,0.0209144665486523,0.0160825222223689,0.0109130910901801,0.0055144692689858,0.0000000000000000
0.0000000000000000,-0.0068753122299954,-0.0136187708887775,-0.0201007535557699,-0.0261961825293701,-0.0317870729893617,-0.0367652857385540,-0.0410355021981286,-0.0445182735129529,-0.0471529353504843,-0.0489000713355761,-0.0497431646347840,-0.0496890959198404,-0.0487672442980338,-0.0470271230734207,-0.0445347051603033,-0.0413678157271703,-0.0376111231932296,-0.0333513071650846,-0.0286729352717965,-0.0236554463977566,-0.0183714620797515,-0.0128864592178465,-0.0072596858033469,-0.0015460850690222,0.0042010852617784,0.0099273011651573,0.0155738661874884,0.0210754320064955,0.0263583057856912,0.0313398623643607,0.0359292933440895,0.0400298008698089,0.0435421803044004,0.0463695419300647,0.0484227340947191,0.0496258905918689,0.0499214742739243,0.0492742532508608,0.0476738126840082,0.0451354430802230,0.0416994896564339,0.0374294400549650,0.0324091360499014,0.0267395137214339,0.0205352210560647,0.0139213629267680,0.0070305094518824,0.0000000000000000
0.0000000000000000,-0.0084898355930555,-0.0168249874015018,-0.0248523683549773,-0.0324224365861576,-0.0393914956021443,-0.0456247193599013,-0.0509997880817400,-0.0554111113530420,-0.0587742759639831,-0.0610302783400891,-0.0621488923311442,-0.0621305537708844,-0.0610062185989242,-0.0588349571308620,-0.0556994060483913,-0.0516995985686269,-0.0469459692839722,-0.0415524484532922,-0.0356304801076152,-0.0292845920799820,-0.0226098485184756,-0.0156912425868647,-0.0086048495300190,-0.0014203983216197,0.0057951848768727,0.0129737590718091,0.0200419961236101,0.0269179740776981,0.0335088383704193,0.0397099779065958,0.0454060555234075,0.0504740612535873,0.0547883148328203,0.0582270455467756,0.0606798823337214,0.0620553657778142,0.0622875214177276,0.0613406569555698,0.0592118475292492,0.0559309854200534,0.0515586704777152,0.0461825078999095,0.0399125079634360,0.0328762561829665,0.0252143791525033,0.0170766350665695,0.0086187558962939,0.0000000000000000
0.0000000000000000,-0.0101917058463197,-0.0202093353208516,-0.0298792135988967,-0.0390288909469548,-0.0474888615184881,-0.0550955227900186,-0.0616954906819663,-0.0671512554882466,-0.0713477731691261,-0.0741993113718243,-0.0756555333587602,-0.0757057053609443,-0.0743800088718679,-0.0717473771010403,-0.0679098882302576,-0.0629944365197150,-0.0571429166926369,-0.0505023614192021,-0.0432163497303437,-0.0354186376679331,-0.0272295015847397,-0.0187548462673488,-0.0100877858278252,-0.0013121857101409,0.0074924614542214,0.0162455068066495,0.0248596578265427,0.0332362327886151,0.0412618399342789,0.0488071141181090,0.0557280208162893,0.0618700099192426,0.0670749499775188,0.0711903170283632,0.0740796358550289,0.0756328024839376,0.0757747939749223,0.0744714911772147,0.0717318752052882,0.0676065668768105,0.0621833366487852,0.0555806424372541,0.0479403818181065,0.0394209107412657,0.0301910794264393,0.0204256821119702,0.0103023917827029,0.0000000000000000
0.0000000000000000,-0.0120032398801109,-0.0238173721199695,-0.0352516449108617,-0.0461127231201380,-0.0562051811433309,-0.0653339847508544,-0.0733093879001314,-0.0799543233586655,-0.0851138978841902,-0.0886660310863697,-0.0905316924904181,-0.0906828480100789,-0.0891462843008903,-0.0860020932030053,-0.0813766512272301,-0.0754311352390157,-0.0683475344091940,-0.0603144687806496,-0.0515148809952663,-0.0421170354246708,-0.0322694887819195,-0.0221000106131344,-0.0117179455995801,-0.0012192428424873,0.0093067345475143,0.0197695311047566,0.0300699593510160,0.0400934074524075,0.0497050093942107,0.0587475744551868,0.0670430559743393,0.0743980592081375,0.0806133934176533,0.0854969711822747,0.0888785727441297,0.0906243434506799,0.0906486538889258,0.0889213203955561,0.0854691247792721,0.0803718047842627,0.0737537792869960,0.0657734981375650,0.0566123765382194,0.0464649083189885,0.0355309690273651,0.0240107194568563,0.0121020290687245,0.0000000000000000
0.0000000000000000,-0.0139432349321831,-0.0276882756579547,-0.0410322382043949,-0.0537639434985442,-0.0656622948425959,-0.0764976717610094,-0.0860371191397587,-0.0940537551767342,-0.1003401213613259,-0.1047242768528529,-0.1070863480752040,-0.1073724500989637,-0.1056027225063143,-0.1018711038688990,-0.0963362628811746,-0.0892052653683753,-0.0807131997757580,-0.0711025402294665,-0.0606055166593157,-0.0494315942349878,-0.0377608598378858,-0.0257430567057430,-0.0135013543768460,-0.0011396538176043,0.0112478171038248,0.0235658096993380,0.0357073917233541,0.0475444496482187,0.0589205519321174,0.0696474340200173,0.0795063144780753,0.0882549563064267,0.0956407200446997,0.1014187804459230,0.1053733558560542,0.1073386132516364,0.1072153942248201,0.1049804883667434,0.1006868504824072,0.0944553507641680,0.0864604905664910,0.0769134018511002,0.0660453039663219,0.0540937527590948,0.0412929365169870,0.0278683012160944,0.0140350924905825,0.0000000000000000
0.0000000000000000,-0.0160258743024777,-0.0318529068064995,-0.0472733452916674,-0.0620629768004457,-0.0759762291799054,-0.0887454531521685,-0.1000857948321241,-0.1097067160195600,-0.1173303465837600,-0.1227153610365408,-0.1256831727469967,-0.1261414569063113,-0.1240992754369897,-0.1196692318463315,-0.1130552201689872,-0.1045283060824402,-0.0943962658441293,-0.0829731381064943,-0.0705539719109355,-0.0573977344300775,-0.0437191208404947,-0.0296884150158109,-0.0154377295441490,-0.0010717551182399,0.0133187071791082,0.0276419156019207,0.0417903785846282,0.0556273923548541,0.0689764207099139,0.0816150595590340,0.0932754740355696,0.1036529894713083,0.1124236897883747,0.1192702544145925,0.1239130201634668,0.1261410131515461,0.1258365064462457,0.1229875074936157,0.1176855969062569,0.1101105679413901,0.1005064994208514,0.0891550729343140,0.0763512096745160,0.0623843075466273,0.0475264219860268,0.0320272262218046,0.0161146854884026,0.0000000000000000
0.0000000000000000,-0.0182590835630190,-0.0363307477646030,-0.0540130199263551,-0.0710763109562863,-0.0872536105113031,-0.1022360380401286,-0.1156761210252886,-0.1272010704604180,-0.1364373072024211,-0.1430453474903957,-0.1467608003768797,-0.1474335771583226,-0.1450551651836780,-0.1397651344274134,-0.1318336177849491,-0.1216241562515771,-0.1095468547940015,-0.0960128250150954,-0.0813981147364028,-0.0660210281844940,-0.0501329648513817,-0.0339205902117604,-0.0175163024504119,-0.0010140969029463,0.0155114866355614,0.0319850577484357,0.0483100793764862,0.0643499583605711,0.0799122576135378,0.0947383699590182,0.1085015741365869,0.1208165336372287,0.1312624405874789,0.1394196668028322,0.1449159723687272,0.1474739900705576,0.1469488997022384,0.1433462493840725,0.1368154666296611,0.1276223247854774,0.1161092782373519,0.1026539148399212,0.0876335396836028,0.0714002071322055,0.0542671477546665,0.0365053289069389,0.0183478844518715,0.0000000000000000
0.0000000000000000,-0.0206423000210973,-0.0411256074098054,-0.0612691271381716,-0.0808498637963929,-0.0995856894608924,-0.1171245864099957,-0.1330439140238386,-0.1468639747276477,-0.1580795017657397,-0.1662097652314332,-0.1708624214920641,-0.1717988554015827,-0.1689828880497852,-0.1625953739015232,-0.1530074127503915,-0.1407204341066445,-0.1262920062481863,-0.1102668208179842,-0.0931256626438260,-0.0752567693686764,-0.0569476762701523,-0.0383925875937687,-0.0197098847221900,-0.0009654023256917,0.0178014669243687,0.0365505824224997,0.0552138647508049,0.0736691920136929,0.0917171386775796,0.1090635248675466,0.1253121816135065,0.1399733551623966,0.1524927483053303,0.1623031161439609,0.1688939847273566,0.1718865928150813,0.1710944614987468,0.1665505959333463,0.1584929543177852,0.1473154530239227,0.1335020866772094,0.1175624385835252,0.0999809677443709,0.0811850444088558,0.0615310680767534,0.0413050660450183,0.0207334336244183,0.0000000000000000
0.0000000000000000,-0.0231636895717377,-0.0462201532067407,-0.0690315721683815,-0.0913998267967981,-0.1130394822679796,-0.1335568498509265,-0.1524407875224892,-0.1690728695561402,-0.1827650865010499,-0.1928301125330932,-0.1986804128695702,-0.1999380969941716,-0.1965228203822659,-0.1886819897705426,-0.1769466002432069,-0.1620297486185725,-0.1447055715899513,-0.1257038378044372,-0.1056394229254308,-0.0849794924998332,-0.0640412169465333,-0.0430096609152760,-0.0219666746545609,-0.0009245252545448,0.0201390787211518,0.0412458004871963,0.0623814731616441,0.0834610368178847,0.1042948531410635,0.1245597751420951,0.1437812745539096,0.1613358538873232,0.1764841648865058,0.1884420628485655,0.1964867765383832,0.2000788839038258,0.1989646729092525,0.1932209083169125,0.1832247736907268,0.1695656368761627,0.1529345294042168,0.1340242512025691,0.1134583863826537,0.0917530677640178,0.0693064830593053,0.0464079549719221,0.0232589005883388,0.0000000000000000
0.0000000000000000,-0.0257970086399785,-0.0515695963010940,-0.0772529470636626,-0.1027009680676374,-0.1276456278413894,-0.1516601398862088,-0.1741336285280269,-0.1942698721449849,-0.2111264600212541,-0.2237093712009156,-0.2311258642174311,-0.2327717528030488,-0.2284940923476639,-0.2186531756550839,-0.2040433523266071,-0.1857117867385528,-0.1647551532791829,-0.1421587497619037,-0.1187039137643520,-0.0949384482170332,-0.0711907080641616,-0.0476072459639826,-0.0241993596595431,-0.0008904059474651,0.0224390634523874,0.0459080065936640,0.0695915691415526,0.0934758689576055,0.1174105588727046,0.1410621314282026,0.1638761427256097,0.1850630785972148,0.2036280733616121,0.2184639348960787,0.2285128472026273,0.2329708172466028,0.2314701462340855,0.2241595424238056,0.2116424089833459,0.1948137341131230,0.1746719262255400,0.1521649037123852,0.1280946358358136,0.1030773747356374,0.0775445886857940,0.0517682054941048,0.0258975158890326,0.0000000000000000
0.0000000000000000,-0.0284986512571574,-0.0570954117431074,-0.0858384962009265,-0.1146730061153943,-0.1433828925699533,-0.1715304256196174,-0.1984022491048624,-0.2229808734230931,-0.2439713666302175,-0.2599188949077356,-0.2694407821523930,-0.2715506571499561,-0.2659708425055294,-0.2532640108940396,-0.2346770995386281,-0.2117987642825899,-0.1862094312567669,-0.1592402132891878,-0.1318649740917687,-0.1046944162852066,-0.0780272390914374,-0.0519223937504431,-0.0262713802011201,-0.0008620220336216,0.0245668340401300,0.0502760081285223,0.0764766399800636,0.1032753805121008,0.1306104284086622,0.1581789746546456,0.1853646433461938,0.2111860538268185,0.2343026182636722,0.2531227294784971,0.2660456640284954,0.2718129823161856,0.2698528797508002,0.2604377862367326,0.2445532283895112,0.2235848314759558,0.1989928845559648,0.1720788891603365,0.1438669111834530,0.1150761975004156,0.0861493811848411,0.0573064030055852,0.0286052013338342,0.0000000000000000
0.0000000000000000,-0.0312057423030210,-0.0626807085339103,-0.0946373365652254,-0.1271666912753003,-0.1601600416830128,-0.1932150251805992,-0.2255342450827196,-0.2558407819363558,-0.2823594756605258,-0.3029381822134131,-0.3153862554512151,-0.3180416068327244,-0.3103983313807110,-0.2934062667551184,-0.2691277255293564,-0.2400506534107583,-0.2084774751502563,-0.1761840673568938,-0.1443319327000797,-0.1135336609012669,-0.0839782874203301,-0.0555593256031159,-0.0279809747517639,-0.0008383352260372,0.0263226281551879,0.0539557890017293,0.0824655241178268,0.1121466291428446,0.1431038748577164,0.1751454440730903,0.2076544127875137,0.2394628111225212,0.2687856464766699,0.2933085869826975,0.3105296568791738,0.3183722107670880,0.3158745419421140,0.3035357532544906,0.2830171247557491,0.2565134762372183,0.2261840908990028,0.1938122451492532,0.1606825470323519,0.1275989105950404,0.0949688197455014,0.0629048308809372,0.0313186717095288,0.0000000000000000
0.0000000000000000,-0.0338367157506096,-0.0681697288104869,-0.1034381980357214,-0.1399528790674404,-0.1777972837490004,-0.2166910898984783,-0.2558157837998196,-0.2936263606255483,-0.3277182272531977,-0.3548860343677298,-0.3715721984219476,-0.3748547521212227,-0.3637712766273877,-0.3400740131365223,-0.3073726925033088,-0.2696758318801031,-0.2303331791288161,-0.1916263481402275,-0.1548121492579524,-0.1203581871897270,-0.0882008316204030,-0.0579526448824196,-0.0290451528343350,-0.0008182333919827,0.0274256003528368,0.0563838523067584,0.0867166646421856,0.1189924328966259,0.1535981963947620,0.1905964710542624,0.2295171779176872,0.2690987457985122,0.3070514078955595,0.3400129779976011,0.3639583230242982,0.3752590237758970,0.3721464559980239,0.3555737821039486,0.3284624934811641,0.2943765305464067,0.2565310454104959,0.2173409610462561,0.1783603944065987,0.1404150589662573,0.1037905388703275,0.0684069502931119,0.0339559485418808,0.0000000000000000
0.0000000000000000,-0.0362958224946673,-0.0733747036582265,-0.1119742856166771,-0.1527197967990496,-0.1960115696804864,-0.2418413678045829,-0.2895166614874156,-0.3372973644722859,-0.3820184443696168,-0.4189128742985158,-0.4420642676504605,-0.4460594769889878,-0.4289033408387235,-0.3941876004935889,-0.3486231301676808,-0.2987950885982541,-0.2494518108950932,-0.2032661183427030,-0.1612947076042354,-0.1235608668435597,-0.0895161755739795,-0.0583370008893945,-0.0290882809136068,-0.0008004716634931,0.0275025366254501,0.0567970379165801,0.0880531201191675,0.1222067053261076,0.1600824671292924,0.2022297141912828,0.2486252062350812,0.2982102161964975,0.3483059417071419,0.3941519011187775,0.4291432453942825,0.4465436195865871,0.4427369922112250,0.4197052117358668,0.3828620829643845,0.3381343474413212,0.2903030612987766,0.2425466690102106,0.1966160684902595,0.1532116041706627,0.1123467136907182,0.0736242790513987,0.0364209213076532,0.0000000000000000
0.0000000000000000,-0.0384832206930390,-0.0780933064441119,-0.1199423931364765,-0.1650851254079568,-0.2144121715041924,-0.2684304781325840,-0.3268676424303618,-0.3880452224819328,-0.4480400763390153,-0.4998830184427052,-0.5335634793752007,-0.5384442588129326,-0.5097972069146703,-0.4559918223949475,-0.3902705225585104,-0.3234267317032140,-0.2616601895079637,-0.2074015323748835,-0.1608038915773030,-0.1209149633550133,-0.0863718575485553,-0.0557402683824489,-0.0276436201957314,-0.0007836161937321,0.0260895189336320,0.0542258747436574,0.0849247152428719,0.1195642997649049,0.1595813744994494,0.2063419260417380,0.2608015220821515,0.3228091697355184,0.3899326195234536,0.4559625304714163,0.5100831278214113,0.5390159439334110,0.5343521586830120,0.5007995097502347,0.4489991374880955,0.3889795085549419,0.3277305272378270,0.2691928475292256,0.2150575045915065,0.1656050207413939,0.1203332070798249,0.0783538765381063,0.0386134386227366,0.0000000000000000
0.0000000000000000,-0.0403108632984186,-0.0821379553298803,-0.1270393487005161,-0.1766280968758260,-0.2325123088017272,-0.2960838352960545,-0.3680245391620720,-0.4473442459863846,-0.5297740107343494,-0.6055888989874734,-0.6578330803332344,-0.6643906626177380,-0.6119399495914029,-0.5231848142488325,-0.4255084142672063,-0.3356252372580038,-0.2598147817816805,-0.1983850185872079,-0.1492007783438152,-0.1095459470743997,-0.0768773397586465,-0.0490275932910787,-0.0241801200931968,-0.0007660024171499,0.0226588245064672,0.0475387985867300,0.0754440232757163,0.1081932807687021,0.1479574387916618,0.1972848253307817,0.2588984512944068,0.3349414359207570,0.4251121074546127,0.5231291091286860,0.6122566622565677,0.6650601071694568,0.6587646050644564,0.6066581309010406,0.5308698248779569,0.4483880483826554,0.3689688510027214,0.2969036586925011,0.2331965831150147,0.1771734429995758,0.1274460734803080,0.0824076899273329,0.0404452477137865,0.0000000000000000
0.0000000000000000,-0.0417221031305387,-0.0853734841885853,-0.1330125206449382,-0.1869394642228898,-0.2497537344626614,-0.3242578937323005,-0.4129916589062457,-0.5169791783325730,-0.6330375252707059,-0.7489835750831877,-0.8369785593568957,-0.8493878311911569,-0.7412717075041297,-0.5852317324531655,-0.4380654902890981,-0.3203136263003326,-0.2323955849932755,-0.1682218408839166,-0.1212245915022341,-0.0861103214257332,-0.0589838263801042,-0.0370316628596188,-0.0181687941319599,-0.0007457231085664,0.0166853503154496,0.0355725580851575,0.0575664881748099,0.0847543374309819,0.1199533442799294,0.1670650300751542,0.2313929218448307,0.3195195542988081,0.4375532122082331,0.5850906567977074,0.7415846201868228,0.8501697428334465,0.8380987240783369,0.7502502361222283,0.6342995089169468,0.5181468176291688,0.4140216204253642,0.3251340768845258,0.2504737394051267,0.1875067205581655,0.1334321533678179,0.0856502846215282,0.0418595854852883,0.0000000000000000
0.0000000000000000,-0.0427089961836175,-0.0877523071353368,-0.1377100130492672,-0.1956719363650826,-0.2655177999291353,-0.3521443546156409,-0.4613826269822794,-0.5988921055875860,-0.7664151388097373,-0.9526216699129959,-1.1156457836011295,-1.1549691396991015,-0.8946848669234795,-0.6061670452944581,-0.3912282402152587,-0.2508200796169935,-0.1625434978431628,-0.1069236559622921,-0.0711344890140114,-0.0473601401238024,-0.0308864450866204,-0.0187996473053718,-0.0091984609661405,-0.0007206680641818,0.0077622983071871,0.0173791814311197,0.0294928245796661,0.0460059108732551,0.0698350436317339,0.1056999732709258,0.1614272228762204,0.2498624846626476,0.3905143812922645,0.6058320318386361,0.8949102806891931,1.1558862940000196,1.1170424382312998,0.9541599293692866,0.7678842029575281,0.6001995140984000,0.4625007879812504,0.3530738863230554,0.2662690534979468,0.1962569402380800,0.1381393465177624,0.0880340620930093,0.0428485439128122,0.0000000000000000
0.0000000000000000,-0.0433185222971842,-0.0893295575800769,-0.1411054416429853,-0.2025582023264293,-0.2790685797707171,-0.3783662920511144,-0.5116151494970167,-0.6940321647775157,-0.9421586769950983,-1.2591640334249634,-1.5931751395970277,-1.7602522938142995,-1.0012931608484728,-0.4738530272998158,-0.2088185787706349,-0.0859406897327344,-0.0299000896395847,-0.0048239216406063,0.0055605503139454,0.0087490920325636,0.0083183046960874,0.0060468383508856,0.0028661633264735,-0.0006886323728692,-0.0042409472521011,-0.0074142454687516,-0.0096735901643935,-0.0100875692895224,-0.0068770607932913,0.0035365933726257,0.0286553225004953,0.0847681173873194,0.2077879053050551,0.4731258486419820,1.0012110921400161,1.7613398806365845,1.5950436106865338,1.2611020508988422,0.9438886078886557,0.6954934755967809,0.5128200291454745,0.3793434126161370,0.2798453500501925,0.2031564973452661,0.1415414143719363,0.0896144047185015,0.0434592575222749,0.0000000000000000
0.0000000000000000,-0.0436393104104968,-0.0902414899086396,-0.1432740329392144,-0.2073731118452337,-0.2894018975047000,-0.4003273352133699,-0.5587086294429697,-0.7970470293906174,-1.1711432730381870,-1.7587331886076267,-2.5591941816883130,-3.2917597272815353,-0.5549790917299227,0.1308760348996820,0.2378925925508577,0.2193976849468009,0.1797736980353930,0.1416902661589712,0.1090490359072597,0.0814871386773655,0.0578332373271351,0.0369183897016507,0.0177224180424847,-0.0006475020364622,-0.0190171746072981,-0.0382127258146864,-0.0591279800317742,-0.0827849027033256,-0.1103551846068568,-0.1430140296062528,-0.1811290004212593,-0.2208014655288291,-0.2393511519039997,-0.1323208804165148,0.5539621983676533,3.2930472908139254,2.5620577618155709,1.7612855182867948,1.1731875524249924,0.7986631859611799,0.5599897274319880,0.4013420925193124,0.2901971158088597,0.2079802150247236,0.1437140007074227,0.0905279978641082,0.0437806174782292,0.0000000000000000
0.0000000000000000,-0.0437681823183406,-0.0906455180353869,-0.1443237193230388,-0.2098805859376505,-0.2951735660707399,-0.4136484217185766,-0.5907330038879721,-0.8803531356730758,-1.4143923712414517,-2.5798862149756419,-5.8103034177765762,-2.2056850713335514,4.1593715671409583,1.8489780801909719,1.0379612885207088,0.6619850334132309,0.4528490118046458,0.3216195462767504,0.2318253806371339,0.1659649308108063,0.1145771932576125,0.0720101207402096,0.0345371359219546,-0.0005954926940706,-0.0357293401437346,-0.0732064663013350,-0.1157821619191469,-0.1671859969965072,-0.2330752374647939,-0.3229199900973672,-0.4542384463614666,-0.6635344939275063,-1.0398123266258841,-1.8514421750379171,-4.1632185291890274,2.2069475393612983,5.8159069390627867,2.5832869268285874,1.4167324518335906,0.8820843220013670,0.5920627962899843,0.4146849056048286,0.2959786490424836,0.2104920797371576,0.1447655226604103,0.0909327092202926,0.0439096921301122,0.0000000000000000
0.0000000000000000,0.0000000000000000,0.0000000000000000,0.0000000000000000,0.0000000000000000,0.0000000000000000,0.0000000000000000,0.0000000000000000,0.0000000000000000,0.0000000000000000,0.0000000000000000,0.0000000000000000,0.0000000000000000,0.0000000000000000,0.0000000000000000,0.0000000000000000,0.0000000000000000,0.0000000000000000,0.0000000000000000,0.0000000000000000,0.0000000000000000,0.0000000000000000,0.0000000000000000,0.0000000000000000,0.0000000000000000,0.0000000000000000,0.0000000000000000,0.0000000000000000,0.0000000000000000,0.0000000000000000,0.0000000000000000,0.0000000000000000,0.0000000000000000,0.0000000000000000,0.0000000000000000,0.0000000000000000,0.0000000000000000,0.0000000000000000,0.0000000000000000,0.0000000000000000,0.0000000000000000,0.0000000000000000,0.0000000000000000,0.0000000000000000,0.0000000000000000,0.0000000000000000,0.0000000000000000,0.0000000000000000,0.0000000000000000
