0.0000000000000000,0.0057744834115468,0.0126938135298961,0.0202993502959047,0.0278361240987283,0.0346612742308615,0.0404738441964885,0.0451288209753053,0.0485078550777610,0.0504725959460584,0.0508516233985361,0.0493671887925779,0.0453526117602196,0.0377222908042714,0.0255901826928456,0.0095832725949000,-0.0074071976197256,-0.0210418018142927,-0.0271934247184285,-0.0236930555865050,-0.0116963852269819,0.0039094636708432,0.0157067539629440,0.0167369157133899,0.0041049100343109,-0.0193219196748101,-0.0467313054706576,-0.0708883718011239,-0.0868514814484163,-0.0929753924542976,-0.0903299316436096,-0.0814089135098576,-0.0689949559340339,-0.0554904830646345,-0.0426590001390786,-0.0316236908991817,-0.0229731015764092,-0.0168827274327496,-0.0132110240798792,-0.0115672079409941,-0.0113665620940487,-0.0118941749836089,-0.0123913384304940,-0.0121642705383367,-0.0107089257174951,-0.0078878129257385,-0.0042635642114439,-0.0013318143970173,0.0000000000000000
0.0000000000000000,-0.0057744834115468,-0.0126938135298961,-0.0202993502959047,-0.0278361240987283,-0.0346612742308615,-0.0404738441964885,-0.0451288209753053,-0.0485078550777610,-0.0504725959460584,-0.0508516233985361,-0.0493671887925779,-0.0453526117602196,-0.0377222908042714,-0.0255901826928456,-0.0095832725949000,0.0074071976197256,0.0210418018142927,0.0271934247184285,0.0236930555865050,0.0116963852269819,-0.0039094636708432,-0.0157067539629440,-0.0167369157133899,-0.0041049100343109,0.0193219196748101,0.0467313054706576,0.0708883718011239,0.0868514814484163,0.0929753924542976,0.0903299316436096,0.0814089135098576,0.0689949559340339,0.0554904830646345,0.0426590001390786,0.0316236908991817,0.0229731015764092,0.0168827274327496,0.0132110240798792,0.0115672079409941,0.0113665620940487,0.0118941749836089,0.0123913384304940,0.0121642705383367,0.0107089257174951,0.0078878129257385,0.0042635642114439,0.0013318143970173,0.0000000000000000
0.0000000000000000,-0.0079248462725318,-0.0189039361812849,-0.0317315747431731,-0.0450744753594669,-0.0579981702897846,-0.0701886572219962,-0.0816530876155280,-0.0925010686093980,-0.1028173787019392,-0.1126181139602069,-0.1217700369293782,-0.1290980536035127,-0.1320828785101152,-0.1279012945639775,-0.1164721218380782,-0.1021095746543139,-0.0913270043308269,-0.0895836029340707,-0.0985774857569878,-0.1148243167653754,-0.1301406037311172,-0.1342336601228741,-0.1189993487811360,-0.0828372123116853,-0.0319024419320136,0.0233001047747149,0.0726492000307563,0.1095802947816931,0.1319388006554333,0.1409898918739575,0.1396906558210906,0.1313754082157042,0.1190662890472105,0.1052055567787128,0.0916072958553065,0.0795009728208012,0.0695959790818325,0.0621347072278842,0.0569312375347956,0.0534100035108583,0.0506689016611224,0.0475941287973993,0.0430491803009855,0.0361518315516645,0.0266654121773264,0.0155727122871411,0.0055655242351128,0.0000000000000000
0.0000000000000000,-0.0112675039753306,-0.0280495429264873,-0.0473902387329548,-0.0673810985973501,-0.0869701320409876,-0.1058699994869750,-0.1240974945391363,-0.1417223726079162,-0.1585919516309630,-0.1743452919290568,-0.1891601405430698,-0.2012824893828745,-0.2063181588468503,-0.1981952892296712,-0.1763790581354452,-0.1494012270039107,-0.1281672871746167,-0.1204531633575503,-0.1282400078179456,-0.1469055534761436,-0.1659217301871101,-0.1716729446763350,-0.1531879220494639,-0.1085458213349124,-0.0464391100145096,0.0194101534983713,0.0766065593899292,0.1181862504559456,0.1428697630331938,0.1532363112340125,0.1531228335427008,0.1460633825702904,0.1348592318615576,0.1216496838281534,0.1080829632425121,0.0954402667244874,0.0846786145583398,0.0764043903035490,0.0708068708456575,0.0675829678397651,0.0658854854115167,0.0643363286140646,0.0611669514291701,0.0545687671072694,0.0433323652857206,0.0278236632535537,0.0111731806216003,0.0000000000000000
0.0000000000000000,-0.0144936141786226,-0.0365023614264801,-0.0611153614754319,-0.0857222517815236,-0.1089880601778327,-0.1305315673089884,-0.1501654924963085,-0.1678606477861019,-0.1830132141617745,-0.1942033679760519,-0.2046059519436112,-0.2132874825711977,-0.2145451917688602,-0.1943153947694191,-0.1502048600433829,-0.1014008455098604,-0.0666260831231957,-0.0556521649055051,-0.0695634957791226,-0.1018743811061734,-0.1384914898410986,-0.1598599223379955,-0.1501565786278470,-0.1073364876389232,-0.0440131453660855,0.0220349113715536,0.0758351431689380,0.1106564683057777,0.1267763896961205,0.1286532373532376,0.1214005827541681,0.1088734699679423,0.0935790464271807,0.0772046722052679,0.0610871777060329,0.0464636802071028,0.0345154681217373,0.0262687027711504,0.0224210510978753,0.0231400855656963,0.0278562894766123,0.0350821000500461,0.0423376820684964,0.0463530766197131,0.0437899511272726,0.0327336608060991,0.0151074734276342,0.0000000000000000
0.0000000000000000,-0.0169251236272200,-0.0425810812980465,-0.0701988932486246,-0.0963321572614530,-0.1190430395116700,-0.1379759856094515,-0.1524573830558338,-0.1630036423596805,-0.1689209608241532,-0.1630571030361234,-0.1597234312524831,-0.1596189765731987,-0.1596464411741415,-0.1218023459538956,-0.0362522211631501,0.0475094151677347,0.0958351024176969,0.1018588341828238,0.0714206407747300,0.0140685604791206,-0.0522856133490864,-0.1002678512789026,-0.1088673945914974,-0.0777602935527860,-0.0248961685467974,0.0278349232586683,0.0641803595501449,0.0796029622980284,0.0771291182091220,0.0628856496043221,0.0425825981911736,0.0197422994000286,-0.0038013367636309,-0.0269176811449139,-0.0485353125474860,-0.0673771058244438,-0.0819627061305323,-0.0907561040689682,-0.0923791384662708,-0.0858851078519761,-0.0711299794142256,-0.0492246009853708,-0.0229628728515605,0.0029681256476056,0.0222616213352069,0.0282881031016689,0.0178583540216792,0.0000000000000000
0.0000000000000000,-0.0188531002204909,-0.0469518629258234,-0.0755660043968176,-0.1003071930945566,-0.1178144165535484,-0.1291733949852927,-0.1317401114188861,-0.1287033152544240,-0.1243750221519122,-0.0838850953754126,-0.0565679814572497,-0.0368861081166390,-0.0472070863284994,0.0157360084864391,0.1832479571242437,0.3239093260712620,0.3801242497578231,0.3532880392664453,0.2931239811581361,0.2088819357359628,0.0925092475627698,0.0030831668917909,-0.0340524624741186,-0.0268654810929892,0.0017002217439832,0.0251919233874349,0.0281126062248380,0.0104386764345309,-0.0200584961158825,-0.0559322234124996,-0.0922714141586673,-0.1271609234482170,-0.1601919943751612,-0.1911803235939633,-0.2195970339845033,-0.2443712313173368,-0.2638295067608996,-0.2757296403043989,-0.2774815439225251,-0.2666391023220913,-0.2416451853401656,-0.2025841246582680,-0.1517642986026459,-0.0941581662553511,-0.0380052134348056,0.0042795720224895,0.0174810636087512,0.0000000000000000
0.0000000000000000,-0.0208830137284888,-0.0507795391113179,-0.0784080263878628,-0.0989076351080918,-0.1036219959427826,-0.1026913437655404,-0.0841071074180576,-0.0536188499141791,-0.0526329920169000,0.0426350028484206,0.1064144475485652,0.1803272659038201,0.1447017784105951,0.2340165269339009,0.5590648992230551,0.7747654364136712,0.8367130365275713,0.7787716515600340,0.5928916229631522,0.3497998510922973,0.1962064687175741,0.1230019285737497,0.0607386326018643,0.0279022163786756,0.0164480783174690,-0.0049733677764743,-0.0488901696199666,-0.1097655845883607,-0.1739247026671687,-0.2330447142287914,-0.2845613677502484,-0.3297650925185160,-0.3712219043225242,-0.4110167175014029,-0.4497006273300848,-0.4860071342178717,-0.5170176134098781,-0.5385721219566340,-0.5460783589250378,-0.5355769943054273,-0.5046476617224250,-0.4526355728454556,-0.3805746506020456,-0.2913060813462232,-0.1904423576179751,-0.0894080424671197,-0.0121475164591375,0.0000000000000000
0.0000000000000000,-0.0235180698947400,-0.0540248638558653,-0.0754739617198544,-0.0881060978088381,-0.0598066341128801,-0.0412555451315697,0.0045159141398381,0.1115158546632181,0.0934903390399494,0.2122941273155778,0.3259638591281970,0.4900688457320370,0.4367339089364756,0.4821877892119850,0.9964612914925622,1.4211812831643682,1.4856997927347868,1.2071183395895013,1.0784371514476010,1.2019480304360239,0.9953525329754331,0.5375427467325232,0.2254615867435933,0.0881782895068741,0.0122266857127181,-0.0726168794594343,-0.1745147527504535,-0.2821915380274023,-0.3786394147740095,-0.4572913414225261,-0.5219495974908337,-0.5797514057169886,-0.6358687455977117,-0.6925693772051440,-0.7493752274689099,-0.8033928813524126,-0.8498852325463989,-0.8834706178695961,-0.8996233374333277,-0.8952046390751249,-0.8682037466574032,-0.8170449784164322,-0.7403707494083756,-0.6369507946183542,-0.5058641799421627,-0.3475575989929349,-0.1668165493409992,0.0000000000000000
0.0000000000000000,-0.0257601519999294,-0.0502232326215053,-0.0405286017669332,-0.0381821036322901,0.0642877347808408,0.1254194111830382,0.1714330747516162,0.3900022883371334,0.4357065364714077,0.4656467752444202,0.6322042076639078,0.8645129779098015,0.9652725168098052,0.9590370363631008,1.2368028564213067,1.8005655720369391,1.8930856839931374,2.0292889170764723,1.6641876018656263,0.8650262300884455,0.3946674388260214,0.2505130155168591,0.1916200097524598,0.1061113100187718,-0.0131858809599073,-0.1756056421965564,-0.3439593292632265,-0.4961934967432537,-0.6248218983084736,-0.7275648677911501,-0.8139230429326271,-0.8910115609265454,-0.9637583504164856,-1.0357928076810754,-1.1056976070549966,-1.1700584471708719,-1.2248483557346530,-1.2665233400369367,-1.2924065589572575,-1.2998164172478026,-1.2862906334622775,-1.2495926041495538,-1.1869526796959180,-1.0946126215594318,-0.9678398413459834,-0.8012544536161169,-0.5872156922806415,-0.3112278794850326
0.0000000000000000,-0.0172779853576697,-0.0043592418966075,0.1143043856900159,0.1659598620453838,0.3247195777975126,0.4996346481866752,0.5725319480346081,0.6816764777683417,0.9277802682219932,0.9192183534202472,1.0292627463623854,1.1570950797768857,1.5059290516935422,1.7847157924346180,1.7335697254292048,1.8387922716567562,1.9649651992409356,1.8763352225032401,2.0995857958461999,1.7335583870551807,1.1016492404586447,0.6819825256590765,0.4007168660293294,0.1756367278677570,-0.0446931334021277,-0.3384335913881533,-0.5946192544997593,-0.7529733581332630,-0.9139637176820887,-1.0610770409617367,-1.1539359179850699,-1.2318102139455118,-1.3073545427560636,-1.3748135917207629,-1.4407387273005841,-1.5007250733478799,-1.5535485192506191,-1.5961440941509086,-1.6263083405626462,-1.6416538932225875,-1.6404620803026988,-1.6211421440039853,-1.5799084002325254,-1.5123208835377382,-1.4131848674071856,-1.2765067362687588,-1.0932893783169180,-0.8524937568503067
0.0000000000000000,0.0542303423828992,0.2090430828354571,0.4406822629249944,0.6720924905399375,0.8208364759861136,0.9969454982260734,1.2361118141632434,1.2207691221499275,1.3884048365363657,1.5010899941756526,1.4885966368115957,1.4648294890772811,1.6705416511186917,1.8573590632874097,1.9595910161755639,1.5857032323838818,1.1126114486582515,1.0961314567682912,1.1700306187176948,1.9134240939899754,1.9033634044908532,1.3037543527100199,0.6914532743785254,0.3339044010850893,0.0934482043971820,-0.2022948852077928,-0.6694062595623163,-1.1101310770846404,-1.2765504634930609,-1.3582739223178426,-1.4745601557065251,-1.5217710451041961,-1.5598183230174869,-1.6178474768638980,-1.6615271261597249,-1.7091980541062433,-1.7540651802300495,-1.7925763597917148,-1.8238924179208074,-1.8460013338044861,-1.8564690953194785,-1.8525367618479640,-1.8307210787959780,-1.7876359126278147,-1.7179616576611887,-1.6170720174946167,-1.4752217367021185,-1.2855064587425258
0.0000000000000000,0.3377987453144021,0.7625135696882887,1.0063625200539676,1.3333666107398507,1.5497524328778083,1.6846519471191634,1.8387638597808595,1.9072616428289004,1.9030267102205176,1.9966357889385475,1.9091960713073683,1.8544520613585258,1.8501979024456825,1.7488355481452145,1.5829668598954341,1.0850271442689234,0.9256440768620400,0.9074705387492746,0.8723237441510633,0.8223831583569320,1.3299709230827075,0.8345340792645606,0.3685992139620822,-0.1585189928099007,-0.7654467026785010,-1.1786735858348452,-1.3021270755418688,-1.3536532710159119,-1.5559453301402311,-1.7264379183115381,-1.6534455057235229,-1.6756464716908142,-1.7150729925538308,-1.7033500918736570,-1.7499938669729596,-1.7855081883070616,-1.8187849378894818,-1.8610227377369639,-1.8967508900056982,-1.9278114633428463,-1.9514743802863699,-1.9630899036509237,-1.9604546513880341,-1.9438267347975482,-1.9038124566405707,-1.8407915782236000,-1.7442998487023720,-1.6102659851616903
0.6089241120359334,1.1021438940167361,1.5128542602387434,1.8085472509024634,2.0638680534418148,2.1994777028696215,2.3137233951928957,2.3559259412292612,2.3477688850919276,2.3333440805548036,2.2183180878874160,2.1287081288611422,1.9488795845676099,1.7736920304500670,1.6825094110866401,1.3503534998259341,0.7389516270609896,0.7405586979246990,0.7391475969791189,0.7493855993431313,0.8244171138804361,0.2032707347896299,0.1682818313265101,-0.0204346393789741,-0.3516038540070578,-0.7528293656018771,-1.0305500921803303,-1.1235657963261472,-1.4429326450420730,-1.8549075088828562,-1.8992792490606436,-1.7881281064432903,-1.7163042008934488,-1.6447557084471314,-1.7014870963803412,-1.7068690630742041,-1.7229493882063420,-1.7633030404037413,-1.8039536136656364,-1.8502875703487907,-1.8887934029902742,-1.9256023942013669,-1.9554099625985819,-1.9702901690810295,-1.9819264928771467,-1.9744696761072671,-1.9508524070780457,-1.9041990238576321,-1.8267723361078001
1.5832026912934269,1.9880653716922656,2.2220877775233556,2.4294443505433208,2.5437159122234023,2.5875953413700992,2.5940649685366872,2.5410423608533845,2.4619451774090462,2.3363106076336488,2.1699303714196603,1.9753341343521604,1.7187144303512758,1.4627349488285952,1.1692118009461305,0.7027004747220408,0.5942235700154896,0.5661167639202137,0.5593180733478922,0.5691647046345429,0.1792359681384305,-0.1788450426470322,-0.2356346056189262,-0.3018513370578002,-0.4368764281103101,-0.6037852441505244,-1.0531956304157433,-1.7777380849362903,-2.3068042683757892,-2.4047478473562425,-2.0727308217026845,-1.7151833717132123,-1.5217196358507983,-1.5558010045270976,-1.5686279090761046,-1.5157532378445060,-1.5424876474850426,-1.6087865491872426,-1.6251540657445218,-1.6827570283443314,-1.7481915028983555,-1.7769662505925958,-1.8358785854984490,-1.8651092639282751,-1.9014589421924106,-1.9331121406582967,-1.9481912517127753,-1.9546051205895880,-1.9350255115808550
2.2327217441317559,2.4424863405613357,2.5747999135393029,2.6278695852991185,2.6251228210852986,2.5582744547821874,2.4624231258378728,2.3320332785296456,2.1724125015545379,1.9961145411666934,1.7815395587934235,1.5250172680319332,1.2295361365393866,0.9306688482702576,0.6631617339121901,0.3686447247070614,0.3769278885352226,0.3705633136974131,0.3641754467754801,0.3454504008875580,-0.1572548412710101,-0.3841856479486374,-0.4389680403328420,-0.5301317118481750,-0.6753474496882781,-0.8540323125149546,-1.2325271025641378,-1.8501867446658877,-2.0937627594676798,-1.5595170154561773,-1.6664145121198632,-1.7418311301305247,-1.4531090791184640,-1.2427201062685818,-1.2632890164577046,-1.3176301712452390,-1.2767359827306954,-1.2971674139475395,-1.3723227539441294,-1.4078872843566383,-1.4869731715773282,-1.5489986767315653,-1.5837953351384355,-1.6613171791813108,-1.6999414518475979,-1.7781094584840222,-1.8352291149092419,-1.8936436330455000,-1.9350255115808550
2.5574812705509204,2.6089467633323378,2.5722903759655780,2.4941005239895140,2.3571401421552420,2.1872123457192143,2.0087480733046008,1.8077121766616047,1.6076903456719656,1.4253496602443476,1.1945857475332027,0.9208078676320332,0.5962999443074493,0.2856350512759391,0.1680332362912447,0.1756423788891900,0.1769894967037644,0.1750789374191498,0.1810312551638466,-0.0910988499724161,-0.4269359561406261,-0.5792781867761023,-0.6149563368083273,-0.7134764180610953,-0.9306154922744396,-1.4099870456603827,-1.9137616181693677,-1.9528596923217669,-0.9891162295303914,-0.9296450316652736,-0.9480177499134103,-1.2479226484010235,-1.2826794904075642,-1.0051777333260559,-0.8228103213325531,-0.8868167040796934,-0.9351264195757255,-0.9069194884757802,-0.9952899335487366,-1.0906969993718874,-1.1225441698275844,-1.2222761775564048,-1.2651674975513494,-1.3253572291973879,-1.4080950120358213,-1.4955010110223492,-1.6153142936199907,-1.7215327098088253,-1.8267723361078001
2.5574812705509204,2.4195772079018112,2.2317252644830563,2.0006826124832759,1.7355629359930200,1.4930578662902390,1.2470366064591860,1.0188626640179250,0.8721339802181510,0.7405465669593310,0.5319122119040276,0.2274623666466863,-0.1551313248072501,-0.5499720662417932,0.0085039780284858,-0.0112937126601755,-0.0196927572276000,-0.0285070211153021,-0.0452745288616004,-0.2902357760525384,-0.5083588202390863,-0.6055578849524855,-0.6358669607098478,-0.6744461133825932,-0.8375158954810074,-1.2442899476930043,-1.6872261993789321,-0.7111229668915925,-0.6971831781876873,-0.7241587887595848,-0.7366625593683278,-0.7434566448289964,-0.9694806175663077,-0.8777323011324465,-0.5962516465403439,-0.4641447520376514,-0.4766640976819249,-0.5540538570693110,-0.5406587295041628,-0.6433313057653901,-0.7493361085072661,-0.8221249744941044,-0.8897202353007109,-0.9343428750925857,-1.0098314967477797,-1.1195638217829809,-1.2712881518544390,-1.4444494455565267,-1.6102659851616903
2.2327217441317559,1.9157914117490853,1.5606828427229413,1.2076827858848571,0.9185281076739835,0.7000574144755703,0.5414607787135585,0.4697336400044840,0.4079625819429231,0.2498940407037306,-0.0418962250649393,-0.3785099026546576,-0.5333617424384435,-0.2173853627835392,-0.2043767264937367,-0.2111282479465453,-0.2159750154745625,-0.2252840086006095,-0.2088845751241660,-0.3153600889865209,-0.3705212551156662,-0.3981011395277883,-0.4724599898414565,-0.5586478834328977,-0.6755622326466300,-0.6602047569710299,-0.3376828072210911,-0.5655750436950265,-0.5360095853709985,-0.5357832750880456,-0.5389070036882941,-0.5407951036540591,-0.5428440473642673,-0.6699927126751208,-0.4769646027034720,-0.2542865231248973,-0.0319993729951786,0.0065171969258110,-0.1499643346758353,-0.2441319911031954,-0.3364868161158873,-0.4244987051277045,-0.5083317120208299,-0.5556775724894811,-0.6032353157320814,-0.6847002452747860,-0.8332637355169269,-1.0478426459869241,-1.2855064587425262
1.5832026912934269,1.0803205257090691,0.6317193092844525,0.4227837487010169,0.4109821322418336,0.4320802007389144,0.4351430938531482,0.3970650688961253,0.2596421588393681,-0.0063279811800239,-0.4637314401311581,-1.1767515511947373,-1.4633803739068112,-0.3347683320691138,-0.3951591739785743,-0.4128531988084677,-0.4074660386490162,-0.3637823448691098,-0.3930804138718969,-0.3549823958096384,-0.2310188483049412,-0.2272113015038531,-0.2908900059827101,-0.4145906902800547,-0.4756672504212741,-0.2592339941739277,0.0772309344231842,-0.1993831360733454,-0.3501521752379985,-0.3440624044132832,-0.3425512547545739,-0.3420278530765090,-0.3413937786698925,-0.3398026363503698,-0.2633661552607596,-0.0346652384281992,0.1820097182737672,0.4507624659620221,0.4478471977432251,0.2864507443294254,0.1042792764591326,-0.0368128405561849,-0.1615690503767092,-0.2517889327025034,-0.3048323362874066,-0.3391136763036964,-0.3992310478761068,-0.5631310073557839,-0.8524937568503067
0.6089241120359334,0.1350005956685351,0.1710369008342575,0.3579349447200485,0.4930841296696681,0.5520246262573829,0.5562382709723612,0.4723486846985313,0.2718652245029450,-0.0461638043313942,-0.5487187632437438,-1.5010413480523677,-0.3372122747341053,-0.5718028051135093,-0.6270322023521893,-0.6376709202269278,-0.6378217721068198,-0.5887350603249596,-0.5219686190792351,-0.3377685036544569,-0.0974411730262811,-0.0047398060850081,-0.0120405453554856,-0.1025278248868875,-0.1491010367450535,-0.0337882063589033,0.1479064132669171,0.0553207947717330,-0.1879034962954307,-0.1473153339271177,-0.1452153628852620,-0.1434133494990869,-0.1416375826570186,-0.1397454797577464,-0.1369180750971430,0.2224390933442508,0.4048322862046130,0.5313574242644636,0.7944724954098198,0.8495002492231247,0.6840325500449235,0.4325369010790382,0.1860816276027422,-0.0040029597845169,-0.1251651042386728,-0.1790155686392494,-0.1678605995114226,-0.1442723195270079,-0.3112278794850323
0.0000000000000000,0.0762034732735586,0.2986703807169758,0.4811752572822708,0.5769223952535478,0.6075575703385236,0.5907627193132192,0.4868840722619306,0.2654129882698316,-0.0225569588988520,-0.3031238729973744,-0.1156243066059077,-1.1712161204397435,-0.9703252909275658,-0.9034808012391824,-0.8724953482203562,-0.8644861865457467,-0.8295900773104368,-0.6436314469278842,-0.3581305871242816,-0.0472737640286542,0.2061531784103115,0.2183782861445484,0.1444025801149179,0.0392808473469292,0.0492505360133829,0.2152429640923360,0.3345641226588587,0.1325556827799579,-0.1143533187586082,0.0531125655042461,0.0552305740222354,0.0580123489750693,0.0608310030177235,0.0629275321086551,0.0623552274690642,0.5312352541041712,0.7234826278835907,0.9619856481790968,1.1291863385258052,1.0573528745481109,0.7937069104721137,0.4723390486913582,0.2006635495891498,0.0091304088821773,-0.1013594674964054,-0.1260360164611040,-0.0681435877110849,0.0000000000000000
0.0000000000000000,0.1544182956387957,0.3563324206322444,0.4740398223745467,0.5183469482119766,0.5338977006415143,0.5287117824171479,0.4608243644456643,0.3091607405623447,0.1369131762301866,0.0352687839252021,-0.1346380327585280,-1.0175688909728138,-1.6592258967265436,-1.1421745234632210,-1.1154212055627770,-1.1103725474360939,-0.9141593712132052,-0.6334129498346852,-0.3576093852523103,-0.1193277228643951,0.2006067674727568,0.3274880687615367,0.3736085792106863,0.3576299738475911,0.4080326901015594,0.4744399366142583,0.4338822549489803,0.2621510733453236,0.0503671826365681,-0.0420028267062782,0.2521356723828548,0.2576121817771456,0.2621294123144402,0.2656381203157824,0.2660664887508625,0.2553078082754899,0.9479128823625528,1.1186404776415777,1.1602696407663022,1.0948554613103589,0.8669854861895530,0.5728811486928248,0.3064608206570930,0.1012551430234552,-0.0290730731776592,-0.0805883394054953,-0.0569613943340506,0.0000000000000000
0.0000000000000000,0.1859001731146398,0.3217183016497587,0.3634528136606924,0.3552966336010735,0.3462244970013598,0.3370056868207589,0.3025796499443404,0.2430816926750203,0.2046277739147774,0.3075299515029843,0.4791709943907276,0.1704233355230501,-0.4467577554999611,-1.2495022736571477,-1.1508298376095916,-0.8507180609946798,-0.5881746426596428,-0.4389578364337758,-0.3385289322173543,-0.1629518489717316,0.1227189248176698,0.4137357007025022,0.5398494420076996,0.5745604654066737,0.5529561300101729,0.4544518221755807,0.4042299014403019,0.2837928895286354,0.1362353665967614,0.0639044594769575,0.1963256839100949,0.4554282609185763,0.4643888156230375,0.4714292160121659,0.4772888637109342,0.4791195721024659,0.4577707603131629,1.1922825858421326,0.9825248112079924,0.8636484930267938,0.7042454695189577,0.5089647216598896,0.3126952437874653,0.1438986013288342,0.0248452421871459,-0.0380521740028313,-0.0413638795994060,0.0000000000000000
0.0000000000000000,0.1426458892194953,0.1938829283031888,0.1576502580016236,0.0820058240883572,-0.0051399852680729,-0.1070770562610748,-0.2031067552146993,-0.2554532302737841,-0.2309526426023741,-0.0371587727824051,0.3408152494904805,0.6585327083498235,0.5575982067460253,0.3424574382336050,0.0981029597632914,-0.1486358859839813,-0.3484851177891250,-0.3972609626789916,-0.3545870640534618,-0.2588348682002260,-0.0653246403940634,0.2095858315542996,0.3110559609151993,0.3688789868365864,0.3666237207210933,0.3677909667746251,0.4140622672059284,0.3378464407746922,0.2310529874811081,0.2151465625091230,0.3069648920597758,0.5309057811471805,0.6659536312905935,0.6783417971894687,0.6926157146727164,0.7151924740097747,0.7670994363730982,0.2546485629211673,0.4804004484218766,0.5173299437123500,0.4747411835647267,0.3938563019835570,0.2851076630388120,0.1724110349398905,0.0775274520313746,0.0097010747145695,-0.0188798243715367,0.0000000000000000
0.0000000000000000,0.0647884828466822,0.0378300774143307,-0.0703803660321501,-0.2370336366916213,-0.4489203213967859,-0.6809769864165671,-0.8478859628680819,-0.8674668155422880,-0.7231118677191108,-0.3742022553152493,0.2479264751242731,0.7822295771575308,0.9748694300557615,0.8998404642351842,0.6909725734116678,0.3801506744983259,0.0081822305694734,-0.2929270575517179,-0.4189502628701725,-0.4228750874499123,-0.3202162035213715,-0.1063620193305006,0.0747626944332123,0.2317143878125598,0.2774645484667360,0.2885886252200027,0.2091931476727248,0.3600558248438601,0.3620794709902949,0.4745004425931413,0.5852719958849661,0.7158924174903794,0.8616240109423222,0.8817384859165409,0.8980372138686112,0.8785833108513886,0.3767138145896837,0.1255130279993962,0.2496851559882537,0.3350855539823128,0.3698793254132984,0.3637183514341268,0.3121773445146206,0.2340791764917276,0.1485002602410188,0.0677833204610390,0.0104223399461356,0.0000000000000000
0.0000000000000000,-0.0106010194532101,-0.1028007390197969,-0.2640678742915331,-0.4922562651730703,-0.7662837487117835,-1.0307473208594684,-1.1728259464860296,-1.0917045202730851,-0.8020240280151796,-0.3720175414741567,0.2004134547911299,0.7651566160674389,1.0827734535386844,1.0651573515337844,0.8397551411284857,0.4995772178685799,0.1071877006799034,-0.2458460313254500,-0.4832105983121920,-0.5624971314501103,-0.5138179857737339,-0.3696647945756722,-0.2130674990870733,-0.1119240432271194,-0.0519383510501990,-0.0627765633047022,0.0866977925760768,0.2779624142708023,0.5055433268302099,0.7609878193255845,0.8235721699022736,0.7731892839792167,0.8152354301202352,0.9753467317297867,0.8807634907972995,0.3045432594475228,0.0372326343718467,0.0316210740125112,0.1691105299846626,0.3236972250812355,0.4230431482278405,0.4536997861178691,0.4174908351670649,0.3380124618035927,0.2359124193202268,0.1302381097508286,0.0418730165898889,0.0000000000000000
0.0000000000000000,-0.0680855911817029,-0.1987558468463298,-0.3734788871618632,-0.6058763991441388,-0.8682024294822441,-1.0923531064598224,-1.1824891645008286,-1.0879972297130862,-0.8661759937916260,-0.5749897864617765,-0.1300157451182478,0.5517504406669520,0.8561077787380469,0.8835032259619865,0.6818024566565366,0.3710460551567461,0.0252510643429721,-0.3129700018727298,-0.5969053397522648,-0.7494383567946058,-0.7868217906460261,-0.7584084758646967,-0.7102792458199980,-0.6569868259093450,-0.5079739445853390,-0.3230546610920494,0.0569630038400925,0.2993991409732927,0.7457600103446724,0.8378498611585130,0.5632380888165898,0.2049704864854160,-0.0690804587492043,-0.2790472369981123,-0.3572715298506106,-0.2245296410624105,-0.1209413371128393,-0.0101831104063722,0.1296425605119664,0.3408403183879133,0.5010799410775507,0.5619511074640966,0.5303899147270326,0.4331813653402279,0.3047330867817126,0.1767092063792855,0.0660906875078585,0.0000000000000000
0.0000000000000000,-0.1019553476917859,-0.2471679684370595,-0.4046792443420075,-0.5999403139506341,-0.8176159014419407,-1.0157850859836139,-1.1326916069303785,-1.1603948737811800,-1.1053269791224802,-0.8956369556089530,-0.4689313291637370,0.0701083854173083,0.3844685496830591,0.5285595909539875,0.3793646104370242,0.1269505693918911,-0.1533199396550196,-0.4618741526276225,-0.7532131261345072,-0.9332094582428262,-0.9814762825884108,-0.9215754544153890,-0.8184781930222367,-0.7121216814984896,-0.5472805918553730,-0.2817786803168781,-0.0852272920993842,0.3638038694536414,0.5131504793035530,0.3118842379337634,0.0728460197222272,-0.0828256131804820,-0.1655349831781235,-0.2493979858323176,-0.3202083269355456,-0.2612906280150614,-0.1800503819099104,-0.0793588158117307,0.0521197110983422,0.2755735479185203,0.4686906109961395,0.5602650069807333,0.5413895779412149,0.4409303479718906,0.3129286145346806,0.1893209369573818,0.0761543297966001,0.0000000000000000
0.0000000000000000,-0.1158756255592115,-0.2594857507738222,-0.3856705424414557,-0.5300849149423585,-0.6919126014386070,-0.8742968123344237,-1.0414781566366378,-1.1695942566694291,-1.1808502106672250,-0.9960655243049364,-0.6768312422431232,-0.3378296029742286,-0.0488653796340173,0.1394574023759403,0.0484525686891046,-0.1331000698770974,-0.3632003224793863,-0.6317615923443474,-0.8919433511506759,-1.0168173359443173,-0.9607729686804888,-0.7893557828721917,-0.6170640148109976,-0.4808203661843337,-0.3610476916545978,-0.2784684513243558,-0.2618525731328437,0.0377257104637407,0.0069444025675281,-0.0670663014468282,-0.1369682836264561,-0.1721348347634403,-0.1942435555124278,-0.2268092709158012,-0.2531269986318646,-0.2445665595245241,-0.2191686639492660,-0.1707923647449610,-0.0773729546781239,0.0999215200479130,0.2841687237649389,0.3975175610631262,0.4073193485692823,0.3478581251537503,0.2651300566498644,0.1739120095465906,0.0742256505607636,0.0000000000000000
0.0000000000000000,-0.1170225802194617,-0.2495543442174074,-0.3362483335993846,-0.4190154296191650,-0.5134254428088445,-0.6407605928929050,-0.8000030930203782,-0.9101066381931687,-0.9076117824645056,-0.7729599917487225,-0.6051815284161004,-0.4522745867593614,-0.3234121342653530,-0.1940522507303456,-0.1988441536530892,-0.3487551481963738,-0.5666444417185156,-0.7991584912025798,-1.0197200634515109,-1.0929841906903441,-0.9810474157732690,-0.8372956277097995,-0.7121467489031427,-0.5560983351692268,-0.4636155843820071,-0.4780403007676953,-0.3745690798427262,-0.3076479766121668,-0.2640180137267230,-0.2329204692497994,-0.2088351538764963,-0.1819329518763643,-0.1730269238720470,-0.1802370980878863,-0.1956421202589551,-0.2099880324019569,-0.2255647802429824,-0.2368207372930765,-0.2157241907036096,-0.1192420417826155,0.0410147122586061,0.1638425848135511,0.2193284220497922,0.2295420505574514,0.2057762331270478,0.1511101212881773,0.0677431390457343,0.0000000000000000
0.0000000000000000,-0.1138926134437209,-0.2341169893688095,-0.2818423897759670,-0.2874738127683969,-0.2993012463909155,-0.3059069429617611,-0.3812617643489838,-0.4400024352175356,-0.4134380846231846,-0.3378416210104266,-0.2998149740018927,-0.3202459820139200,-0.3792197015187058,-0.3848958237841703,-0.3447807837009825,-0.4942118562836511,-0.7098777010013547,-0.9621478787435844,-1.1709598479592407,-1.2567797944294936,-1.2264072279264651,-1.2006052185443452,-1.1024168574892494,-0.8764803130893478,-0.7584995571629723,-0.6688878223042010,-0.4311633253503148,-0.4447456664311843,-0.3446105701754590,-0.2825228507447606,-0.2222282470234377,-0.1696970759700702,-0.1398418022025012,-0.1297015767789915,-0.1355273915852606,-0.1541243739350645,-0.1875525163992995,-0.2353814060510319,-0.2769941660466364,-0.2576328054602912,-0.1322615297687834,-0.0063615997759742,0.0909372030458687,0.1526891745126868,0.1670927064759795,0.1351202796174368,0.0620893659728266,0.0000000000000000
0.0000000000000000,-0.1135697556048095,-0.2297707503572260,-0.2555764469548584,-0.1916714123425961,-0.1138583616949462,-0.0002464599077782,0.0792252342562380,0.1035712919498343,0.1369109639118826,0.1367538409101988,0.0531530353808169,-0.1056659597270341,-0.2998888438670050,-0.4334083984567038,-0.4372014749293611,-0.5717600395990282,-0.7464748115320867,-1.0437957493819874,-1.2935599677034268,-1.4079329209037368,-1.4709531821068091,-1.5154990043161027,-1.4053056845676781,-1.1400010332866273,-0.9540273726857006,-0.7267311723603330,-0.5022329377168112,-0.4705696016426823,-0.3614267484676512,-0.2850504750891352,-0.2110130869892297,-0.1461734625146341,-0.1000321550973297,-0.0739317332156795,-0.0673049547681720,-0.0794674375282599,-0.1116946056807238,-0.1652017037609723,-0.2301913311624149,-0.2624814877552445,-0.1915071005196215,-0.0690504790112681,0.0461054758222054,0.1241854229693485,0.1517581505169918,0.1271423952521858,0.0579167286215600,0.0000000000000000
0.0000000000000000,-0.1183845047932114,-0.2437836794580080,-0.2755269614909615,-0.1839328127298357,-0.0306280756999545,0.1533362512577091,0.3516003291545783,0.4820178313139408,0.5292498995341682,0.4715949656107437,0.3055976663596013,0.0673628943048610,-0.1979169914967596,-0.4083466445792563,-0.4783293679021698,-0.6034160195641877,-0.7472742618707660,-1.0014455235375888,-1.2739801927323027,-1.4070746827533569,-1.4901531769871632,-1.5577873936812894,-1.4593168031186332,-1.2316288712701613,-0.9966413921306323,-0.7122994410123981,-0.5519687455210064,-0.4611397693890816,-0.3542702553462632,-0.2657988444258491,-0.1826805269067477,-0.1090255855738285,-0.0508728707553907,-0.0112944473134346,0.0085178063342069,0.0082345643715374,-0.0127593942355551,-0.0548591914591614,-0.1132992142806495,-0.1637201249719456,-0.1478697485820311,-0.0552454531079373,0.0490900947321153,0.1209311431064166,0.1472787266815412,0.1210265251012620,0.0530371676156863,0.0000000000000000
0.0000000000000000,-0.1213034280624368,-0.2665409197145114,-0.3318334773597527,-0.2647472934603760,-0.0899076901610803,0.1208870410412116,0.3563276455261175,0.5437102917848186,0.6021942917487995,0.5342683236309905,0.3593279314355858,0.1248034923376451,-0.1336397468879572,-0.3591126117611601,-0.4524253482169893,-0.5480405837464593,-0.7252913604914807,-0.9154323992888106,-1.1032520561289862,-1.2310996224795914,-1.3235859238151275,-1.4061540530375043,-1.3484302052484476,-1.1894483600605807,-0.9510404714660475,-0.6847383053413115,-0.5430563302219675,-0.4271201514480492,-0.3206897036132945,-0.2247739056560899,-0.1356311872554906,-0.0562808759648240,0.0093657231987438,0.0586321182849680,0.0900875234322533,0.1029918150274323,0.0964723428717269,0.0701308616597326,0.0271742118168216,-0.0200461310292832,-0.0380353733006019,0.0048905531704769,0.0740704502915832,0.1264389641661157,0.1429717720998162,0.1114630316521383,0.0457716356830110,0.0000000000000000
0.0000000000000000,-0.1049385587951154,-0.2677562026472421,-0.3830749650805091,-0.3797801540688945,-0.2503600052208252,-0.0603762390676454,0.1534517866824964,0.3337029045385407,0.4137129207780086,0.3877254427102818,0.2697594786909284,0.0992377449405893,-0.1029823893839225,-0.3038155774785538,-0.3854834590188266,-0.3933029765944110,-0.5480161260882872,-0.7240550075763948,-0.8331112773474649,-0.9419996386908200,-1.0889456630016403,-1.2098397632866522,-1.2049621271666662,-1.1000232883219185,-0.8720167844344066,-0.6381446990006887,-0.4840997366100785,-0.3611067474504669,-0.2553582184434411,-0.1584945420449019,-0.0691017267211029,0.0106195370822152,0.0784882477268881,0.1330669061348642,0.1734604732821726,0.1984354806763656,0.2057194793068633,0.1934547722365004,0.1632944657426579,0.1228761989167213,0.0894658185781794,0.0883216028340563,0.1126970476103969,0.1358273513441420,0.1357370396297520,0.0975155613913356,0.0359689926937570,0.0000000000000000
0.0000000000000000,-0.0534678456910271,-0.2070537802749928,-0.3638123068940666,-0.4361979563200490,-0.3907767517023943,-0.2634122405737575,-0.0993215233352391,0.0571932283197636,0.1664977539661432,0.1971064758679602,0.1517953225492201,0.0552486937420012,-0.0782355506074019,-0.2384983323618275,-0.3107773469144898,-0.2362560869663942,-0.2989743180938978,-0.3849339241716970,-0.4854732181684345,-0.6306376056991468,-0.8618142073381545,-1.0289574820944603,-1.0574231627842705,-0.9789614108417342,-0.7635729419302331,-0.5476199142768741,-0.3833398844407569,-0.2601643336964219,-0.1594849968259271,-0.0691904617167753,0.0129148891207422,0.0863039634401848,0.1507921916206415,0.2064955137066545,0.2529716134162109,0.2876381667631208,0.3056659994587304,0.3029712012751430,0.2795894020435612,0.2412540619394293,0.1985937936661208,0.1676813676595970,0.1533495302793123,0.1448670558382246,0.1240067445358507,0.0779805824660134,0.0229105041578464,0.0000000000000000
0.0000000000000000,0.0192268038488754,-0.0744052584867912,-0.2290920921739924,-0.3518362820421523,-0.3863984344884807,-0.3354431631073427,-0.2299344287343088,-0.1030238216554451,0.0128347638973728,0.0779621879906559,0.0845993171028074,0.0427230885896927,-0.0344771200840688,-0.1486427912099843,-0.2245515717808543,-0.1226426551248586,-0.1360106032905725,-0.1212709250326680,-0.2040131045447907,-0.4023053556759909,-0.6719523571759174,-0.8387525750180396,-0.8523149020812626,-0.7720764982402106,-0.5821580786136593,-0.3895356476973709,-0.2373463617727127,-0.1274572069646183,-0.0411138959140719,0.0341594587984171,0.1013359617443677,0.1620150990026765,0.2182776284246849,0.2716843888747309,0.3213315026105154,0.3619330885406708,0.3854509202104608,0.3859466247614142,0.3628114290571213,0.3211392694948166,0.2695466296552853,0.2192132963907931,0.1773539347055082,0.1419726439996501,0.1022267918913313,0.0512713974258775,0.0062112941376446,0.0000000000000000
0.0000000000000000,0.0718865826486322,0.0798634242342135,-0.0123378171461109,-0.1313156894801689,-0.2089194963102359,-0.2206668441103705,-0.1752181522786120,-0.0924633271350898,0.0006008276089109,0.0701123890799037,0.1005269322017597,0.0895748955225655,0.0460417293759330,-0.0259336123505669,-0.1042262257934462,-0.0269128463781566,0.0253552139956258,0.0233019217219912,-0.0448182519735112,-0.2380336357926031,-0.4600572311165149,-0.5537369758815590,-0.5197855903064963,-0.4321227655733113,-0.2910083639984914,-0.1533108793933920,-0.0471175706606107,0.0273667048488336,0.0865058214341389,0.1382467787258510,0.1841271629705233,0.2273569650954325,0.2719897334989244,0.3201767467575853,0.3689424321514327,0.4092561396357677,0.4304783726134886,0.4264439877313790,0.3975199536345130,0.3490897295050650,0.2888777061002207,0.2257660875326702,0.1675633208835889,0.1165847156241238,0.0665690614380228,0.0156284422981384,-0.0147687583737362,0.0000000000000000
0.0000000000000000,0.0850846450520630,0.1873921486311682,0.1926330672449006,0.1288048611167454,0.0564351696255960,0.0143582240407402,0.0136354210670456,0.0503099196121108,0.1084972915983306,0.1639406213226150,0.1980280007585281,0.2008369950255006,0.1730059565471059,0.1267541908514951,0.0614334720046365,0.0842032625308192,0.2443414772469235,0.2434396320047836,0.1959957564311346,0.0624144745611883,-0.0724766156961825,-0.0734424318693528,-0.0183457783756354,0.0379597856156765,0.0939216881018121,0.1387830922072548,0.1672853306790515,0.1861716619900094,0.2072656681489022,0.2291347931521827,0.2496468331280988,0.2726850170961858,0.3032485685247104,0.3423664939322332,0.3834620551658086,0.4141752011782322,0.4233902815302250,0.4070135485089946,0.3679363881165494,0.3125043118544412,0.2477307226793245,0.1809539020788769,0.1189264983338701,0.0629628690495009,0.0088661874051363,-0.0358027976471061,-0.0429918044487683,0.0000000000000000
0.0000000000000000,0.0765021069267347,0.2224481041128622,0.3125737846832665,0.3226334296023317,0.2894186506733829,0.2514533595056430,0.2324603187862898,0.2424770015669254,0.2766958514611533,0.3188723034341360,0.3503334311552999,0.3583549368461103,0.3390148174739751,0.3016503383339189,0.2576190184607107,0.2408535075274950,0.4240485682555802,0.5291164076865077,0.5852602093257896,0.5657232652893134,0.5382040122619387,0.5728256085117465,0.5833171487863359,0.5548906707247844,0.4944727707161929,0.4273652132540636,0.3666246860907672,0.3246482214122612,0.3052510069951989,0.2953112812732556,0.2891249219539431,0.2906792599449063,0.3043152213405150,0.3280670532824820,0.3517395993664917,0.3620056978216881,0.3500384799777650,0.3155615823707627,0.2647383201297681,0.2050408652209514,0.1420578287480447,0.0800420079380721,0.0231162820692065,-0.0274936402019905,-0.0713171016259927,-0.0944927505846308,-0.0700695797347290,0.0000000000000000
0.0000000000000000,0.0663955682007090,0.2067286330932857,0.3368456887931923,0.4034333595455821,0.4163989447701086,0.4032054344497773,0.3941037934022482,0.4064496465046223,0.4402075811270499,0.4820784305558085,0.5143314893437019,0.5257268004783331,0.5139037760548084,0.4814730317659515,0.4509975361917583,0.4280399873866442,0.5398621530578800,0.7309404061499104,0.9203589501631894,1.0467437620493749,1.1182353007472299,1.1370328812740940,1.0893383540057160,0.9686531939952567,0.8017498496654947,0.6422871734228148,0.5099681985473210,0.4210742579865543,0.3682934899371741,0.3292182649771349,0.2974354388994096,0.2767500951347572,0.2691396354989959,0.2690958115487616,0.2651411742473102,0.2463311401666433,0.2080358644624060,0.1537606177306912,0.0918488917433018,0.0301030102675692,-0.0268564261018994,-0.0758691500993088,-0.1139473675213739,-0.1425032594671388,-0.1616220245835072,-0.1499274258804205,-0.0735835844739177,0.0000000000000000
0.0000000000000000,0.0587549343076131,0.1711238641588121,0.2954093328169531,0.3839773982533088,0.4282902479094762,0.4443879295371906,0.4653567450428717,0.5042620493086515,0.5569975203145009,0.6083820723637237,0.6434917099009501,0.6574328778581456,0.6528659905987965,0.6309998394967593,0.6076554722530396,0.5933423879800457,0.6348179021862159,0.8098685765397493,1.0414698438079486,1.2511703585149843,1.3795242192734083,1.4171434266430034,1.3492881953685367,1.1684127841868537,0.9490631555627378,0.7444057492945905,0.5759697539267012,0.4649001428160518,0.3904730120791556,0.3278370066296720,0.2732262660081650,0.2295462237654031,0.1955485191478756,0.1639146783329197,0.1255758884045010,0.0747185302477039,0.0114404654161887,-0.0583215657666627,-0.1258580634030542,-0.1833870614797359,-0.2260130479507372,-0.2521412711654564,-0.2650610754906457,-0.2715861278233778,-0.2617466006635747,-0.1952476471618493,-0.0535536270460924,0.0000000000000000
0.0000000000000000,0.0493234196155859,0.1287381430326240,0.2209301351689033,0.3004184071511088,0.3546488436726745,0.3991300296640484,0.4600043666910785,0.5340833233604371,0.6083618852055086,0.6655167955452640,0.6974029426832767,0.7095775333199716,0.7111603312300225,0.7058296547235033,0.6961124381643398,0.6939975238528242,0.7068709531928112,0.8131230817879943,0.9902215351651564,1.2016800418846769,1.3689916475037680,1.4285454432538280,1.3419413197483039,1.1568768024306570,0.9463841872705115,0.7355162114002832,0.5675405272337357,0.4576616672746088,0.3723701646166524,0.2929581566072970,0.2193060379103637,0.1523614224095715,0.0883753843794764,0.0212079103564010,-0.0528620994899882,-0.1331599708403567,-0.2149926229778040,-0.2913296024459720,-0.3552022016850571,-0.4012199752750217,-0.4270538117896820,-0.4350829644531903,-0.4302522152341693,-0.4078685230277025,-0.3388281221870528,-0.1939643964135870,-0.0342264017765106,0.0000000000000000
0.0000000000000000,0.0351547459497411,0.0812174475231372,0.1342511567143205,0.1883554248471633,0.2411753795726293,0.3131249372440122,0.4073092471456348,0.5043143439098834,0.5847061865582547,0.6328865809229622,0.6507219542488065,0.6549849696940488,0.6608791336580933,0.6739545760955139,0.6886590817086331,0.7052949542323331,0.7249947178452020,0.7858057392447264,0.9030853082365659,1.0740017189007240,1.2086172364902672,1.2336833745331930,1.1603545477034714,1.0204882066881091,0.8321190029187781,0.6398042530282471,0.5033939215875879,0.4081594422902685,0.3199093843577312,0.2309839055821440,0.1429824965396916,0.0544934230082216,-0.0390132406094494,-0.1404235341510481,-0.2473467726097935,-0.3529594725368243,-0.4487858273649144,-0.5277377552134742,-0.5858866394219835,-0.6213913025939322,-0.6334865758239916,-0.6216469699544781,-0.5805285477290704,-0.4931856893991970,-0.3403597496330100,-0.1456939984982275,-0.0223460367005337,0.0000000000000000
0.0000000000000000,0.0179787660350415,0.0333999982575208,0.0518432207788926,0.0808264330242395,0.1316974987762678,0.2200100318814016,0.3236805783672767,0.4184904700182820,0.4840995348686628,0.5099628840096645,0.5070954079887861,0.5002510368436107,0.5076802121786165,0.5346739693650979,0.5738077473442407,0.6136228741873282,0.6535738695506369,0.7043885151873754,0.7804891384991244,0.8744532975635237,0.9393869263240163,0.9634426103535483,0.9296181464363545,0.8096296945396297,0.6369896735074166,0.4953730590417459,0.4051452392171185,0.3274225456881793,0.2428102375035102,0.1518659303256991,0.0555330094170575,-0.0492259752529593,-0.1663031676004975,-0.2951416432957141,-0.4284013545586648,-0.5546211626846301,-0.6624617615329338,-0.7441316980661609,-0.7963272812064894,-0.8170055087478185,-0.8025014638249429,-0.7467931322140623,-0.6412118535538190,-0.4796503321677288,-0.2779889406327356,-0.1006029286560373,-0.0163396161385010,0.0000000000000000
0.0000000000000000,0.0026610661257585,-0.0049326258144133,-0.0109932146976492,0.0008077047556150,0.0466234343051251,0.1276348513294631,0.2132673131572410,0.2839528163172979,0.3228968447033345,0.3243096348387118,0.3035363203138253,0.2879786216764670,0.2942339603105528,0.3250287278727068,0.3743673475769217,0.4325621810089823,0.4844765086716415,0.5332868952919431,0.5787691244912242,0.6261299326905239,0.6804828276699294,0.7149981135328921,0.6641672191359912,0.5361588765030697,0.4092099722036587,0.3375765996390448,0.2872341504802994,0.2270763913488247,0.1527353463139535,0.0671467471478463,-0.0299156445384294,-0.1417711951550042,-0.2710233243371792,-0.4146408058056177,-0.5620821167337695,-0.6987222371635778,-0.8108668460074188,-0.8884885663574019,-0.9258495449748564,-0.9187066077334682,-0.8621495321735834,-0.7529714127380833,-0.5936533896653615,-0.4005576244356687,-0.2134000333293520,-0.0826219076060706,-0.0174856893931997,0.0000000000000000
0.0000000000000000,-0.0067076610749884,-0.0260034743881432,-0.0457352609329669,-0.0464927519035443,-0.0159041498428685,0.0353754355414829,0.0849206787183741,0.1214381439427579,0.1342268301612174,0.1195448907494146,0.0909850718690215,0.0740976539043223,0.0803573349209232,0.1078244100409066,0.1526888748821936,0.2178821997073701,0.2786535689429238,0.3284780593811100,0.3695473667108572,0.4152962228706044,0.4565945053259257,0.4386300279322101,0.3465156697046528,0.2452674146177032,0.1943915980770323,0.1797472915301870,0.1591849004834851,0.1191378993933501,0.0610746174357493,-0.0124757870870437,-0.1018959449569141,-0.2094830306422906,-0.3363594224054320,-0.4783317836764442,-0.6234142741520857,-0.7548800337842897,-0.8574751863832909,-0.9194762250296932,-0.9328758056505280,-0.8936950469852095,-0.8011324899455103,-0.6611043658939016,-0.4905030229131183,-0.3180640268893519,-0.1765359863156301,-0.0807178002274324,-0.0223206694217795,0.0000000000000000
0.0000000000000000,-0.0091571540271311,-0.0282226395114395,-0.0506153338359830,-0.0636707703420694,-0.0587540316115181,-0.0487047896641341,-0.0424617226536629,-0.0415034647885936,-0.0488233113310738,-0.0683089295495360,-0.0938971431805397,-0.1044593797643671,-0.0928387408868412,-0.0672820276217322,-0.0300127849418383,0.0260388258872411,0.0970590831262274,0.1495198600013551,0.1883581529201203,0.2086874187354540,0.1863399535247830,0.1081496932496920,0.0224876293557228,-0.0148020959755527,0.0017072043253045,0.0244462045157153,0.0311145794048151,0.0147146650727376,-0.0228138489484398,-0.0791887985633460,-0.1536896100839376,-0.2466023007743704,-0.3573797819594691,-0.4818857397238857,-0.6090272375388744,-0.7214220855674165,-0.8028724817742006,-0.8423460557216519,-0.8324288011575177,-0.7716127000335442,-0.6658011978870422,-0.5289174637671662,-0.3835018930292627,-0.2537322588936172,-0.1530040661782442,-0.0790753657055436,-0.0260111180153434,0.0000000000000000
0.0000000000000000,-0.0062598263229696,-0.0153243409535213,-0.0295335366420638,-0.0511085179647763,-0.0753162313984452,-0.1083820488410379,-0.1467104521869154,-0.1810517335469539,-0.2050640751626089,-0.2224544677125435,-0.2396096217830962,-0.2430619479048909,-0.2235342702514433,-0.1962213581985570,-0.1618500491583207,-0.1267309528680450,-0.0731076236220927,-0.0363645476004800,-0.0293228165258561,-0.0636378002773072,-0.1400852380545139,-0.2246280462882261,-0.2630734109854457,-0.2364579355914167,-0.1764608172099259,-0.1219367561321403,-0.0865497536820926,-0.0770488951477858,-0.0920403888907444,-0.1285359598469129,-0.1838496808013824,-0.2556600252080332,-0.3412877253586261,-0.4368716278835948,-0.5345896939073266,-0.6197627086673220,-0.6761099593385997,-0.6938169784928351,-0.6688648632274351,-0.6028319390265632,-0.5057409547039645,-0.3941395879395105,-0.2867091479135427,-0.1966338205004217,-0.1261676615299738,-0.0705781754734680,-0.0261273796458107,0.0000000000000000
0.0000000000000000,-0.0006480216264192,0.0067315573232369,0.0079312547196130,-0.0118272091989680,-0.0574740296529651,-0.1276028222463420,-0.2081076843990051,-0.2791647430033817,-0.3233346324150093,-0.3400154589666465,-0.3492732843453194,-0.3538273177568764,-0.3342888023818120,-0.3070945951518028,-0.2790778790662385,-0.2572061768070498,-0.2496442824734663,-0.2516822697439742,-0.2906439594008655,-0.3655888804280950,-0.4544154821143939,-0.5106632969242402,-0.4995821950141633,-0.4276593175186265,-0.3357797845700778,-0.2485167337980662,-0.1838892354401071,-0.1488214145892962,-0.1420826346858298,-0.1590626434291173,-0.1947110224927217,-0.2441420822915216,-0.3023797739188479,-0.3649212233338182,-0.4272446213837244,-0.4808019849363698,-0.5127439594952446,-0.5140111383399845,-0.4832086345804600,-0.4245894563478221,-0.3484535957915538,-0.2687426685223537,-0.1972339788542387,-0.1392126242176613,-0.0934715950360106,-0.0557029635120433,-0.0226677242673816,0.0000000000000000
0.0000000000000000,0.0047113314453377,0.0299021975984490,0.0521565483295521,0.0463890063323686,-0.0041661801233805,-0.0965436216950301,-0.2110871684083827,-0.3199789953376147,-0.3939165104675616,-0.4207133508735715,-0.4260251894441562,-0.4404034183231922,-0.4387103607591227,-0.4176318219158889,-0.4086084025637269,-0.3979747192390459,-0.4243735553410048,-0.4709982493644974,-0.5462177100386163,-0.6370860344260177,-0.7136643349351348,-0.7351944085432793,-0.6851770483766049,-0.5825871484157484,-0.4603538520840416,-0.3426235402859193,-0.2513237587655624,-0.1941441374923373,-0.1692656181726917,-0.1700713825151128,-0.1892172621936311,-0.2196836566266328,-0.2545899810331884,-0.2881310995298923,-0.3170721169732250,-0.3387464611937261,-0.3472275443607022,-0.3363596774797100,-0.3056157028642431,-0.2599219891477101,-0.2076598516362783,-0.1579697200114189,-0.1166409752709770,-0.0846790957051925,-0.0597457127107348,-0.0380877513782146,-0.0169839948703642,0.0000000000000000
0.0000000000000000,0.0076627242807489,0.0446829353751482,0.0931726729890874,0.1147950884290992,0.0797784454076927,-0.0133889563501953,-0.1461629690267963,-0.2884908875045117,-0.4021472770813985,-0.4578034048260166,-0.4686462715880029,-0.4908453297275840,-0.5237890930527940,-0.5231396913180137,-0.5314250189133685,-0.5514093163583713,-0.5876397625414816,-0.6549559137798345,-0.7411080776458289,-0.8280800134469483,-0.8825417437184000,-0.8726918546069712,-0.7948061203308998,-0.6715895171380138,-0.5260003815613883,-0.3873278338407378,-0.2783198859004903,-0.2076340391423245,-0.1722201902743681,-0.1632383726099413,-0.1713920941116711,-0.1885188701646917,-0.2070970660194193,-0.2205586829461221,-0.2253389167532578,-0.2215447401958591,-0.2096336718159278,-0.1886580593677943,-0.1594872824587172,-0.1263043315945726,-0.0947284625471872,-0.0692929527756959,-0.0513628466420628,-0.0393644341400638,-0.0303651124525748,-0.0214156001995898,-0.0107235910029249,0.0000000000000000
0.0000000000000000,0.0081124214255195,0.0476398493149765,0.1172235728508332,0.1761646402073779,0.1782421279215129,0.1099598705464699,-0.0173662653287909,-0.1778129215529405,-0.3313954817715015,-0.4341788346386610,-0.4709980797547857,-0.4928676558593476,-0.5523476254332303,-0.5947314183500508,-0.6100712842248970,-0.6546636025235614,-0.7065319663487503,-0.7762719440236671,-0.8492092486374320,-0.9098334798593890,-0.9291996169792196,-0.8888586572498403,-0.7926324860671271,-0.6595799599385830,-0.5079479655996996,-0.3662801472860839,-0.2557864671182549,-0.1845526280532908,-0.1485325232329799,-0.1378149643835435,-0.1423062216533623,-0.1534832367909414,-0.1638790598819149,-0.1670579683057887,-0.1592139716067986,-0.1409009604595731,-0.1157928019747609,-0.0875500249134405,-0.0594219575176097,-0.0351301892838662,-0.0179013814687519,-0.0088444096445696,-0.0063610046811469,-0.0072656918976758,-0.0084533821743196,-0.0079996352581776,-0.0051289175502819,0.0000000000000000
0.0000000000000000,0.0073522696523739,0.0431740830162440,0.1176229467537159,0.2070591278188710,0.2579901950393354,0.2383451982576761,0.1452614691360419,-0.0052907684645860,-0.1798100290790108,-0.3309375468668682,-0.4172032185711563,-0.4487340965810037,-0.5012719741524312,-0.5835987835294995,-0.6260825825012034,-0.6610605744135545,-0.7061856397414998,-0.7575641455675151,-0.8001338824322453,-0.8206571548300631,-0.8006418356775793,-0.7368164963759916,-0.6375936341774286,-0.5142681014310996,-0.3828464589587079,-0.2651988731962572,-0.1776866699976180,-0.1255136349386240,-0.1032894999450706,-0.1008167896166106,-0.1085652283747496,-0.1193049582761552,-0.1272752242223783,-0.1274259342364829,-0.1162559437608088,-0.0938108705966883,-0.0641886639982715,-0.0332195793974987,-0.0061389555466655,0.0131332453676583,0.0226942079753030,0.0233712638663184,0.0183287161670035,0.0114454399552455,0.0055259390811861,0.0014382987477256,-0.0008019573896530,0.0000000000000000
0.0000000000000000,0.0062762066144905,0.0362093996577802,0.1017267333853977,0.1995068073379342,0.2894676733402394,0.3266374086205514,0.2901943349052727,0.1813023441089188,0.0209574346202896,-0.1520331358082403,-0.2887034779199652,-0.3569054658368552,-0.3910291777348271,-0.4593468011625879,-0.5320828633558625,-0.5695648754882041,-0.5899451115107917,-0.5997258680144804,-0.5948061106522553,-0.5674177780865326,-0.5108705934167549,-0.4319624742438832,-0.3425921835105637,-0.2486648101804111,-0.1621186666621301,-0.0943854856554309,-0.0518559978105137,-0.0343160740587535,-0.0361060412692916,-0.0494085117832949,-0.0673797367791914,-0.0846991372767876,-0.0968151172893722,-0.0998332757365182,-0.0913129816227403,-0.0714702018771635,-0.0438919317680395,-0.0145033771844737,0.0107345898329058,0.0275987264716588,0.0345883144976164,0.0331827975282744,0.0269158401484324,0.0194978597479298,0.0130019051559624,0.0073469412776527,0.0022003738857538,0.0000000000000000
0.0000000000000000,0.0049446631936763,0.0287283424266149,0.0806373894378157,0.1670117140311872,0.2707092199668131,0.3510111825235139,0.3747314278298733,0.3274438482046145,0.2149264280698319,0.0614870138958126,-0.0934673801580647,-0.2039724694512750,-0.2497725479807629,-0.2758862843060958,-0.3232262063387382,-0.3590698757741414,-0.3621875610277230,-0.3299659984298668,-0.2716969651046791,-0.1941725668549062,-0.1056327532325844,-0.0189396510764521,0.0525383766711098,0.1032867611556083,0.1270694826226134,0.1245576799094992,0.1022297574773364,0.0687324814933973,0.0316369748545946,-0.0039560784564149,-0.0350042157403946,-0.0595711586858903,-0.0762294484071185,-0.0835711204647736,-0.0802077740521675,-0.0660388927205907,-0.0436937664086477,-0.0182753335575545,0.0045349752142007,0.0205077214936390,0.0281194303223005,0.0286974729700715,0.0252980899436552,0.0207936745282600,0.0162266096970332,0.0107629496874551,0.0041459747445635,0.0000000000000000
0.0000000000000000,0.0032161382296074,0.0211217191079344,0.0604213149796331,0.1282397489700045,0.2230382016112405,0.3207574602375982,0.3888134356457277,0.4029470885044249,0.3550783003337483,0.2542141391615474,0.1243145910795607,0.0021582565488948,-0.0710106714283672,-0.0838406449254135,-0.0760209322449343,-0.0693299584223782,-0.0499608533780262,0.0033132745723436,0.0916622502321339,0.2021909421587655,0.3125622656392447,0.4005463756806815,0.4495202528359279,0.4515611743225921,0.4086704884702088,0.3364501493391366,0.2541359915992116,0.1756137973721770,0.1073208269550188,0.0502724016922328,0.0033201708036591,-0.0342464269431435,-0.0616812734237554,-0.0774646152298752,-0.0808923766673583,-0.0729266576612579,-0.0562075122880798,-0.0349816808884946,-0.0142231441085885,0.0021012609050974,0.0123409260082443,0.0172740892299863,0.0189767924181998,0.0190733174734808,0.0174699903673911,0.0128565313762984,0.0054320185190151,0.0000000000000000
0.0000000000000000,0.0010934855625313,0.0134670710273062,0.0426853496936041,0.0939213662703942,0.1706053224144848,0.2640431824354906,0.3524853283182733,0.4116719891333461,0.4252858443323895,0.3898081572747722,0.3144526300127767,0.2204280781399729,0.1401099064056610,0.1089471629278580,0.1358903040126169,0.1974550983538740,0.2738593526147431,0.3653467819814526,0.4753206399366170,0.5963714845573250,0.7063333266015228,0.7788822288682856,0.7945433887191464,0.7443717387647576,0.6380040272201944,0.5017258695530625,0.3640091057039010,0.2436874611298004,0.1466923210650670,0.0706999481475269,0.0117856617306614,-0.0325187073833238,-0.0638099835062364,-0.0835713315931181,-0.0923937015735429,-0.0901060492177860,-0.0779382674263036,-0.0594657221988248,-0.0392122140908783,-0.0209042853187976,-0.0063905729138830,0.0043563665358103,0.0121797355861346,0.0173074255958962,0.0186212882273016,0.0146827100490625,0.0064639542019236,0.0000000000000000
0.0000000000000000,-0.0013353136711198,0.0057888360446417,0.0271767855186893,0.0665948415496807,0.1270997376861990,0.2074383362289077,0.2975729354350224,0.3805238701194684,0.4394441770003565,0.4635383559762812,0.4506841182934267,0.4081083705530923,0.3550506952020703,0.3202555068277948,0.3301356126492116,0.3909169140384730,0.4901436954283197,0.6110379859119578,0.7411159970883946,0.8669626677990703,0.9674960664342381,1.0179264462795816,1.0003145883164621,0.9107187588278063,0.7672357385687323,0.6012480537448407,0.4413294544791173,0.3041787222219896,0.1936804795959807,0.1058724967978826,0.0352122474699905,-0.0222067436622632,-0.0676062975037073,-0.0994870568926800,-0.1160403277193290,-0.1179666842881717,-0.1079609324986698,-0.0896007257956448,-0.0672061435150065,-0.0445888076792661,-0.0240260402443665,-0.0064020960819851,0.0078247065891477,0.0175941216393977,0.0210800143589520,0.0170914922015584,0.0076047658148463,0.0000000000000000
0.0000000000000000,-0.0040275780590571,-0.0020275708945544,0.0130025425057476,0.0446876066938338,0.0949699615188520,0.1642626964067767,0.2491880294676027,0.3410155549895607,0.4272369092504699,0.4962038691943469,0.5388844118728254,0.5497416803940294,0.5324862670916711,0.5091654208755845,0.5113756689016034,0.5588358933455729,0.6508217184957473,0.7708451570256737,0.8980418739324030,1.0120154555882026,1.0909653394766434,1.1133350655536491,1.0654763865827033,0.9491561132498797,0.7855490808504887,0.6054778709676868,0.4359119002940546,0.2915573883274052,0.1743593239534409,0.0796979005339838,0.0030514900219762,-0.0574684813378910,-0.1023081735439911,-0.1329690406484664,-0.1515301930513173,-0.1570177163374023,-0.1471810858315207,-0.1249852076491304,-0.0965050944347077,-0.0664582856233262,-0.0378719150484666,-0.0126037069152202,0.0077597985036079,0.0212444319153029,0.0257695257611327,0.0207082552943194,0.0091567254232784,0.0000000000000000
0.0000000000000000,-0.0070349674616334,-0.0102422826381995,-0.0008702861711015,0.0254731459643137,0.0705103983536274,0.1345782098110975,0.2165969206413071,0.3127070707809572,0.4164939625184896,0.5167630637017095,0.6044096193723163,0.6651485262428685,0.6898590369618646,0.6837900209537981,0.6677502046969455,0.6725603712920617,0.7190946001485058,0.8044280410960734,0.9076324270550293,1.0026569239851746,1.0645399847300445,1.0733808150147464,1.0195020053193455,0.9078837974072517,0.7577601549338516,0.5942111527713263,0.4387136224846595,0.3030407258331414,0.1889442073402292,0.0930471497169880,0.0115107303644595,-0.0587808712880572,-0.1200163613096731,-0.1708343927678736,-0.2042953776112208,-0.2132812843447572,-0.1975193392318382,-0.1652201110000454,-0.1254865002819603,-0.0843282573306146,-0.0458723725726879,-0.0126949264219430,0.0129844407863863,0.0288629339492621,0.0330878259431928,0.0258171363088982,0.0112878659439326,0.0000000000000000
0.0000000000000000,-0.0103161863177660,-0.0189207267791321,-0.0151953641318600,0.0064671514823453,0.0485176194249502,0.1116443252479370,0.1956443102510921,0.2994538609745830,0.4194488220766734,0.5516938015342926,0.6786383934721189,0.7681207672235917,0.8059957332212412,0.8225294095369470,0.8279534967908533,0.8285620551848729,0.8380717132671083,0.8668982638016980,0.9109075188316620,0.9534297035795054,0.9731282891959330,0.9527099818104164,0.8848291153286451,0.7744191979935062,0.6365268667063808,0.4899998761693031,0.3505433428059048,0.2260576953537625,0.1170391221084742,0.0209293448974580,-0.0642776119072213,-0.1387373555201142,-0.2002950915932183,-0.2457631981670836,-0.2745970541199230,-0.2854243509543774,-0.2627653532874327,-0.2105482339850555,-0.1512511722583077,-0.0947534883082269,-0.0453573145464473,-0.0051996080550199,0.0238696083152684,0.0400348896465500,0.0422370388768938,0.0316703244384093,0.0136540708761061,0.0000000000000000
0.0000000000000000,-0.0128057047111229,-0.0262114009961813,-0.0287544817406574,-0.0137109121511512,0.0228529787930629,0.0831838272768590,0.1689128749311464,0.2803943768236893,0.4287396413650345,0.5865810211944689,0.8245435708808306,0.9747673803643783,0.9695440365313704,0.9265847482582038,0.8894815001956069,0.8665561081967550,0.8562923248253962,0.8584797460160921,0.8708972403855820,0.8845142565207206,0.8845803619806891,0.8573644836504505,0.7956600490526192,0.7011467045443074,0.5836841920471719,0.4573099091073306,0.3342607004484540,0.2207262296245401,0.1175221652078809,0.0235329683459537,-0.0622485957941856,-0.1408569749951719,-0.2146579557284711,-0.2881041526187784,-0.3613025955161296,-0.4099926031121096,-0.3553350986617601,-0.2409851993008776,-0.1564544500463501,-0.0853217418172535,-0.0297619555306174,0.0113994318285733,0.0382105090636066,0.0503573130532369,0.0482350154701042,0.0342578986680884,0.0143184218726167,0.0000000000000000
0.0000000000000000,-0.0099366733613542,-0.0227429617669450,-0.0302690084080882,-0.0270832358335552,-0.0086994141727703,0.0287539942381883,0.0890070164638455,0.1783403717267479,0.2967026746100320,0.4904958466925982,0.7271107095253156,1.2395670700387764,1.1917090730188993,1.1299007217964352,1.0684576446377345,1.0104758125307214,0.9556025482595015,0.9037583278817373,0.8541433778126944,0.8036821609584264,0.7474136652594776,0.6807886042874755,0.6015386534885411,0.5104456407925255,0.4110529332972013,0.3082755462755300,0.2063750652066119,0.1075435378765321,0.0121479114667491,-0.0801019389248082,-0.1694603634552556,-0.2561777431152277,-0.3409093071497019,-0.4249207268560363,-0.5079017595946563,-0.5813819953195741,-0.2962508612290981,-0.1741503705567263,-0.0882854573683978,-0.0338622262623550,0.0030369105908680,0.0265390174727504,0.0386771137177085,0.0407863910358642,0.0344936817811221,0.0223232466656117,0.0083566776437117,0.0000000000000000
0.0000000000000000,0.0099366733613542,0.0227429617669450,0.0302690084080882,0.0270832358335552,0.0086994141727703,-0.0287539942381883,-0.0890070164638455,-0.1783403717267479,-0.2967026746100320,-0.4904958466925982,-0.7271107095253156,1.2395670700387764,1.1917090730188993,1.1299007217964352,1.0684576446377345,1.0104758125307214,0.9556025482595015,0.9037583278817373,0.8541433778126944,0.8036821609584264,0.7474136652594776,0.6807886042874755,0.6015386534885411,0.5104456407925255,0.4110529332972013,0.3082755462755300,0.2063750652066119,0.1075435378765321,0.0121479114667491,-0.0801019389248082,-0.1694603634552556,-0.2561777431152277,-0.3409093071497019,-0.4249207268560363,-0.5079017595946563,-0.5813819953195741,0.2962508612290981,0.1741503705567263,0.0882854573683978,0.0338622262623550,-0.0030369105908680,-0.0265390174727504,-0.0386771137177085,-0.0407863910358642,-0.0344936817811221,-0.0223232466656117,-0.0083566776437117,0.0000000000000000
