0.0000000000000000,0.0000000000000000,0.0000000000000000,0.0000000000000000,0.0000000000000000,0.0000000000000000,0.0000000000000000,0.0000000000000000,0.0000000000000000,0.0000000000000000,0.0000000000000000,0.0000000000000000,0.0000000000000000,0.0000000000000000,0.0000000000000000,0.0000000000000000,0.0000000000000000,0.0000000000000000,0.0000000000000000,0.0000000000000000,0.0000000000000000,0.0000000000000000,0.0000000000000000,0.0000000000000000,0.0000000000000000,0.0000000000000000,0.0000000000000000,0.0000000000000000,0.0000000000000000,0.0000000000000000,0.0000000000000000,0.0000000000000000,0.0000000000000000,0.0000000000000000,0.0000000000000000,0.0000000000000000,0.0000000000000000,0.0000000000000000,0.0000000000000000,0.0000000000000000,0.0000000000000000,0.0000000000000000,0.0000000000000000,0.0000000000000000,0.0000000000000000,0.0000000000000000,0.0000000000000000,0.0000000000000000,0.0000000000000000,0.0000000000000000
0.0000000000000000,-0.0000000000000000,-0.0000000000000000,-0.0000000000000000,-0.0000000000000000,-0.0000000000000000,-0.0000000000000000,-0.0000000000000000,-0.0000000000000000,-0.0000000000000000,-0.0000000000000000,-0.0000000000000000,-0.0000000000000000,-0.0000000000000000,-0.0000000000000000,-0.0000000000000000,-0.0000000000000000,-0.0000000000000000,-0.0000000000000000,-0.0000000000000000,-0.0000000000000000,-0.0000000000000000,-0.0000000000000000,-0.0000000000000000,-0.0000000000000000,-0.0000000000000000,-0.0000000000000000,-0.0000000000000000,-0.0000000000000000,-0.0000000000000000,-0.0000000000000000,-0.0000000000000000,-0.0000000000000000,-0.0000000000000000,-0.0000000000000000,-0.0000000000000000,-0.0000000000000000,-0.0000000000000000,-0.0000000000000000,-0.0000000000000000,-0.0000000000000000,-0.0000000000000000,-0.0000000000000000,-0.0000000000000000,-0.0000000000000000,-0.0000000000000000,-0.0000000000000000,-0.0000000000000000,-0.0000000000000000,0.0000000000000000
0.0000000000000000,-0.0000000000000000,-0.0000000000000000,-0.0000000000000000,-0.0000000000000000,-0.0000000000000000,-0.0000000000000000,-0.0000000000000000,-0.0000000000000000,-0.0000000000000000,-0.0000000000000000,-0.0000000000000000,-0.0000000000000000,-0.0000000000000000,-0.0000000000000000,-0.0000000000000000,-0.0000000000000000,-0.0000000000000000,-0.0000000000000000,-0.0000000000000000,-0.0000000000000000,-0.0000000000000000,-0.0000000000000000,-0.0000000000000000,-0.0000000000000000,-0.0000000000000000,-0.0000000000000000,-0.0000000000000000,-0.0000000000000000,-0.0000000000000000,-0.0000000000000000,-0.0000000000000000,-0.0000000000000000,-0.0000000000000000,-0.0000000000000000,-0.0000000000000000,-0.0000000000000000,-0.0000000000000000,-0.0000000000000000,-0.0000000000000000,-0.0000000000000000,-0.0000000000000000,-0.0000000000000000,-0.0000000000000000,-0.0000000000000000,-0.0000000000000000,-0.0000000000000000,-0.0000000000000000,-0.0000000000000000,0.0000000000000000
0.0000000000000000,-0.0000000000000000,-0.0000000000000000,-0.0000000000000000,-0.0000000000000000,-0.0000000000000000,-0.0000000000000000,-0.0000000000000000,-0.0000000000000000,-0.0000000000000000,-0.0000000000000000,-0.0000000000000000,-0.0000000000000000,-0.0000000000000000,-0.0000000000000000,-0.0000000000000000,-0.0000000000000000,-0.0000000000000000,-0.0000000000000000,-0.0000000000000000,-0.0000000000000000,-0.0000000000000000,-0.0000000000000000,-0.0000000000000000,-0.0000000000000000,-0.0000000000000000,-0.0000000000000000,-0.0000000000000000,-0.0000000000000000,-0.0000000000000000,-0.0000000000000000,-0.0000000000000000,-0.0000000000000000,-0.0000000000000000,-0.0000000000000000,-0.0000000000000000,-0.0000000000000000,-0.0000000000000000,-0.0000000000000000,-0.0000000000000000,-0.0000000000000000,-0.0000000000000000,-0.0000000000000000,-0.0000000000000000,-0.0000000000000000,-0.0000000000000000,-0.0000000000000000,-0.0000000000000000,-0.0000000000000000,0.0000000000000000
0.0000000000000000,-0.0000000000000000,-0.0000000000000000,-0.0000000000000000,-0.0000000000000000,-0.0000000000000000,-0.0000000000000000,-0.0000000000000000,-0.0000000000000000,-0.0000000000000000,-0.0000000000000000,-0.0000000000000000,-0.0000000000000000,-0.0000000000000000,-0.0000000000000000,-0.0000000000000000,-0.0000000000000000,-0.0000000000000000,-0.0000000000000000,-0.0000000000000000,-0.0000000000000000,-0.0000000000000000,-0.0000000000000000,-0.0000000000000000,-0.0000000000000000,-0.0000000000000000,-0.0000000000000000,-0.0000000000000000,-0.0000000000000000,-0.0000000000000000,-0.0000000000000000,-0.0000000000000000,-0.0000000000000000,-0.0000000000000000,-0.0000000000000000,-0.0000000000000000,-0.0000000000000000,-0.0000000000000000,-0.0000000000000000,-0.0000000000000000,-0.0000000000000000,-0.0000000000000000,-0.0000000000000000,-0.0000000000000000,-0.0000000000000000,-0.0000000000000000,-0.0000000000000000,-0.0000000000000000,-0.0000000000000000,0.0000000000000000
0.0000000000000000,-0.0000000000000000,-0.0000000000000000,-0.0000000000000000,-0.0000000000000000,-0.0000000000000000,-0.0000000000000000,-0.0000000000000000,-0.0000000000000000,-0.0000000000000000,-0.0000000000000000,-0.0000000000000000,-0.0000000000000000,-0.0000000000000000,-0.0000000000000000,-0.0000000000000000,-0.0000000000000000,-0.0000000000000000,-0.0000000000000000,-0.0000000000000000,-0.0000000000000000,-0.0000000000000000,-0.0000000000000000,-0.0000000000000000,-0.0000000000000000,-0.0000000000000000,-0.0000000000000000,-0.0000000000000000,-0.0000000000000000,-0.0000000000000000,-0.0000000000000000,-0.0000000000000000,-0.0000000000000000,-0.0000000000000000,-0.0000000000000000,-0.0000000000000000,-0.0000000000000000,-0.0000000000000000,-0.0000000000000000,-0.0000000000000000,-0.0000000000000000,-0.0000000000000000,-0.0000000000000000,-0.0000000000000000,-0.0000000000000000,-0.0000000000000000,-0.0000000000000000,-0.0000000000000000,-0.0000000000000000,0.0000000000000000
0.0000000000000000,-0.0000000000000000,-0.0000000000000000,-0.0000000000000000,-0.0000000000000000,-0.0000000000000000,-0.0000000000000000,-0.0000000000000000,-0.0000000000000000,-0.0000000000000000,-0.0000000000000000,-0.0000000000000000,-0.0000000000000000,-0.0000000000000000,-0.0000000000000000,-0.0000000000000000,-0.0000000000000000,-0.0000000000000000,-0.0000000000000000,-0.0000000000000000,-0.0000000000000000,-0.0000000000000000,-0.0000000000000000,-0.0000000000000000,-0.0000000000000000,-0.0000000000000000,-0.0000000000000000,-0.0000000000000000,-0.0000000000000000,-0.0000000000000000,-0.0000000000000000,-0.0000000000000000,-0.0000000000000000,-0.0000000000000000,-0.0000000000000000,-0.0000000000000000,-0.0000000000000000,-0.0000000000000000,-0.0000000000000000,-0.0000000000000000,-0.0000000000000000,-0.0000000000000000,-0.0000000000000000,-0.0000000000000000,-0.0000000000000000,-0.0000000000000000,-0.0000000000000000,-0.0000000000000000,-0.0000000000000068,0.0000000000000000
0.0000000000000000,-0.0000000000000000,-0.0000000000000000,-0.0000000000000000,-0.0000000000000000,-0.0000000000000000,-0.0000000000000000,-0.0000000000000000,-0.0000000000000000,-0.0000000000000000,-0.0000000000000000,-0.0000000000000000,-0.0000000000000000,-0.0000000000000000,-0.0000000000000000,-0.0000000000000000,-0.0000000000000000,-0.0000000000000000,-0.0000000000000000,-0.0000000000000000,-0.0000000000000000,-0.0000000000000000,-0.0000000000000000,-0.0000000000000000,-0.0000000000000000,-0.0000000000000000,-0.0000000000000000,-0.0000000000000000,-0.0000000000000000,-0.0000000000000000,-0.0000000000000000,-0.0000000000000000,-0.0000000000000000,-0.0000000000000000,-0.0000000000000000,-0.0000000000000000,-0.0000000000000000,-0.0000000000000000,-0.0000000000000000,-0.0000000000000000,-0.0000000000000000,-0.0000000000000000,-0.0000000000000000,-0.0000000000000000,-0.0000000000000000,-0.0000000000000000,-0.0000000000000000,-0.0000000000007157,-0.0000000019641296,0.0000000000000000
0.0000000000000000,-0.0000000000000000,-0.0000000000000000,-0.0000000000000000,-0.0000000000000000,-0.0000000000000000,-0.0000000000000000,-0.0000000000000000,-0.0000000000000000,-0.0000000000000000,-0.0000000000000000,-0.0000000000000000,-0.0000000000000000,-0.0000000000000000,-0.0000000000000000,-0.0000000000000000,-0.0000000000000000,-0.0000000000000000,-0.0000000000000000,-0.0000000000000000,-0.0000000000000000,-0.0000000000000000,-0.0000000000000000,-0.0000000000000000,-0.0000000000000000,-0.0000000000000000,-0.0000000000000000,-0.0000000000000000,-0.0000000000000000,-0.0000000000000000,-0.0000000000000000,-0.0000000000000000,-0.0000000000000000,-0.0000000000000000,-0.0000000000000000,-0.0000000000000000,-0.0000000000000000,-0.0000000000000000,-0.0000000000000000,-0.0000000000000000,-0.0000000000000000,-0.0000000000000000,-0.0000000000000000,-0.0000000000000000,-0.0000000000000000,-0.0000000000000000,-0.0000000000007157,-0.0000002062771440,-0.0005660581342854,0.0000000000000000
0.0000000000000000,-0.0000000000000000,-0.0000000000000000,-0.0000000000000000,-0.0000000000000000,-0.0000000000000000,-0.0000000000000000,-0.0000000000000000,-0.0000000000000000,-0.0000000000000000,-0.0000000000000000,-0.0000000000000000,-0.0000000000000000,-0.0000000000000000,-0.0000000000000000,-0.0000000000000000,-0.0000000000000000,-0.0000000000000000,-0.0000000000000000,-0.0000000000000000,-0.0000000000000000,-0.0000000000000000,-0.0000000000000000,-0.0000000000000000,-0.0000000000000000,-0.0000000000000000,-0.0000000000000000,-0.0000000000000000,-0.0000000000000000,-0.0000000000000000,-0.0000000000000000,-0.0000000000000000,-0.0000000000000000,-0.0000000000000000,-0.0000000000000000,-0.0000000000000000,-0.0000000000000000,-0.0000000000000000,-0.0000000000000000,-0.0000000000000000,-0.0000000000000000,-0.0000000000000000,-0.0000000000000000,-0.0000000000000000,-0.0000000000000000,-0.0000000000000080,-0.0000000023026079,-0.0006636068737855,-3.2080626353543771,0.0000000000000000
0.0000000000000000,-0.0000000000000712,-0.0000000000000000,-0.0000000000000000,-0.0000000000000000,-0.0000000000000000,-0.0000000000000000,-0.0000000000000000,-0.0000000000000000,-0.0000000000000000,-0.0000000000000000,-0.0000000000000000,-0.0000000000000000,-0.0000000000000000,-0.0000000000000000,-0.0000000000000000,-0.0000000000000000,-0.0000000000000000,-0.0000000000000000,-0.0000000000000000,-0.0000000000000000,-0.0000000000000000,-0.0000000000000000,-0.0000000000000000,-0.0000000000000000,-0.0000000000000000,-0.0000000000000000,-0.0000000000000000,-0.0000000000000000,-0.0000000000000000,-0.0000000000000000,-0.0000000000000000,-0.0000000000000000,-0.0000000000000000,-0.0000000000000000,-0.0000000000000000,-0.0000000000000000,-0.0000000000000000,-0.0000000000000000,-0.0000000000000000,-0.0000000000000000,-0.0000000000000000,-0.0000000000000000,-0.0000000000000000,-0.0000000000000000,-0.0000000000000615,-0.0000000177128985,-0.0051048211196000,-10.7148565446106492,0.0000000000000000
0.0000000000000000,-0.0000000205073929,-0.0000000000066695,-0.0000000000000000,-0.0000000000000000,-0.0000000000000000,-0.0000000000000000,-0.0000000000000000,-0.0000000000000000,-0.0000000000000000,-0.0000000000000000,-0.0000000000000000,-0.0000000000000000,-0.0000000000000000,-0.0000000000000000,-0.0000000000000000,-0.0000000000000000,-0.0000000000000000,-0.0000000000000000,-0.0000000000000000,-0.0000000000000000,-0.0000000000000000,-0.0000000000000000,-0.0000000000000000,-0.0000000000000000,-0.0000000000000000,-0.0000000000000000,-0.0000000000000000,-0.0000000000000000,-0.0000000000000000,-0.0000000000000000,-0.0000000000000000,-0.0000000000000000,-0.0000000000000000,-0.0000000000000000,-0.0000000000000000,-0.0000000000000000,-0.0000000000000000,-0.0000000000000000,-0.0000000000000000,-0.0000000000000000,-0.0000000000000000,-0.0000000000000000,-0.0000000000000000,-0.0000000000000000,-0.0000000000001832,-0.0000000527911572,-0.0152143035482679,-19.5826610918841411,0.0000000000000000
0.0000000000000000,-0.0059101887047521,-0.0000019221430241,-0.0000000000066695,-0.0000000000000000,-0.0000000000000000,-0.0000000000000000,-0.0000000000000000,-0.0000000000000000,-0.0000000000000000,-0.0000000000000000,-0.0000000000000000,-0.0000000000000000,-0.0000000000000000,-0.0000000000000000,-0.0000000000000000,-0.0000000000000000,-0.0000000000000000,-0.0000000000000000,-0.0000000000000000,-0.0000000000000000,-0.0000000000000000,-0.0000000000000000,-0.0000000000000000,-0.0000000000000000,-0.0000000000000000,-0.0000000000000000,-0.0000000000000000,-0.0000000000000000,-0.0000000000000000,-0.0000000000000000,-0.0000000000000000,-0.0000000000000000,-0.0000000000000000,-0.0000000000000000,-0.0000000000000000,-0.0000000000000000,-0.0000000000000000,-0.0000000000000000,-0.0000000000000000,-0.0000000000000000,-0.0000000000000000,-0.0000000000000000,-0.0000000000000000,-0.0000000000000000,-0.0000000000003447,-0.0000000993396364,-0.0286294800639257,-27.5232361504632976,0.0000000000000000
0.0000000000000000,-11.5821788905771204,-0.0064146114717792,-0.0000000222576578,-0.0000000000000772,-0.0000000000000000,-0.0000000000000000,-0.0000000000000000,-0.0000000000000000,-0.0000000000000000,-0.0000000000000000,-0.0000000000000000,-0.0000000000000000,-0.0000000000000000,-0.0000000000000000,-0.0000000000000000,-0.0000000000000000,-0.0000000000000000,-0.0000000000000000,-0.0000000000000000,-0.0000000000000000,-0.0000000000000000,-0.0000000000000000,-0.0000000000000000,-0.0000000000000000,-0.0000000000000000,-0.0000000000000000,-0.0000000000000000,-0.0000000000000000,-0.0000000000000000,-0.0000000000000000,-0.0000000000000000,-0.0000000000000000,-0.0000000000000000,-0.0000000000000000,-0.0000000000000000,-0.0000000000000000,-0.0000000000000000,-0.0000000000000000,-0.0000000000000000,-0.0000000000000000,-0.0000000000000000,-0.0000000000000000,-0.0000000000000000,-0.0000000000000000,-0.0000000000004827,-0.0000001391161121,-0.0400929790349317,-32.9115885949031082,0.0000000000000000
0.0000000000000000,-34.5161832730259590,-0.0439426607384081,-0.0000001524738811,-0.0000000000005291,-0.0000000000000000,-0.0000000000000000,-0.0000000000000000,-0.0000000000000000,-0.0000000000000000,-0.0000000000000000,-0.0000000000000000,-0.0000000000000000,-0.0000000000000000,-0.0000000000000000,-0.0000000000000000,-0.0000000000000000,-0.0000000000000000,-0.0000000000000000,-0.0000000000000000,-0.0000000000000000,-0.0000000000000000,-0.0000000000000000,-0.0000000000000000,-0.0000000000000000,-0.0000000000000000,-0.0000000000000000,-0.0000000000000000,-0.0000000000000000,-0.0000000000000000,-0.0000000000000000,-0.0000000000000000,-0.0000000000000000,-0.0000000000000000,-0.0000000000000000,-0.0000000000000000,-0.0000000000000000,-0.0000000000000000,-0.0000000000000000,-0.0000000000000000,-0.0000000000000000,-0.0000000000000000,-0.0000000000000000,-0.0000000000000000,-0.0000000000000000,-0.0000000000005368,-0.0000001547172059,-0.0445891823411391,-34.7858698713965424,0.0000000000000000
0.0000000000000000,-53.9933633329885865,-0.1016751482776840,-0.0000003527962169,-0.0000000000012241,-0.0000000000000000,-0.0000000000000000,-0.0000000000000000,-0.0000000000000000,-0.0000000000000000,-0.0000000000000000,-0.0000000000000000,-0.0000000000000000,-0.0000000000000000,-0.0000000000000000,-0.0000000000000000,-0.0000000000000000,-0.0000000000000000,-0.0000000000000000,-0.0000000000000000,-0.0000000000000000,-0.0000000000000000,-0.0000000000000000,-0.0000000000000000,-0.0000000000000000,-0.0000000000000000,-0.0000000000000000,-0.0000000000000000,-0.0000000000000000,-0.0000000000000000,-0.0000000000000000,-0.0000000000000000,-0.0000000000000000,-0.0000000000000000,-0.0000000000000000,-0.0000000000000000,-0.0000000000000000,-0.0000000000000000,-0.0000000000000000,-0.0000000000000000,-0.0000000000000000,-0.0000000000000000,-0.0000000000000000,-0.0000000000000000,-0.0000000000000000,-0.0000000000004827,-0.0000001391152465,-0.0400927295507116,-32.8396877528304429,0.0000000000000000
0.0000000000000000,-61.2495555393119488,-0.1299945028487872,-0.0000004510597683,-0.0000000000015651,-0.0000000000000000,-0.0000000000000000,-0.0000000000000000,-0.0000000000000000,-0.0000000000000000,-0.0000000000000000,-0.0000000000000000,-0.0000000000000000,-0.0000000000000000,-0.0000000000000000,-0.0000000000000000,-0.0000000000000000,-0.0000000000000000,-0.0000000000000000,-0.0000000000000000,-0.0000000000000000,-0.0000000000000000,-0.0000000000000000,-0.0000000000000000,-0.0000000000000000,-0.0000000000000000,-0.0000000000000000,-0.0000000000000000,-0.0000000000000000,-0.0000000000000000,-0.0000000000000000,-0.0000000000000000,-0.0000000000000000,-0.0000000000000000,-0.0000000000000000,-0.0000000000000000,-0.0000000000000000,-0.0000000000000000,-0.0000000000000000,-0.0000000000000000,-0.0000000000000000,-0.0000000000000000,-0.0000000000000000,-0.0000000000000000,-0.0000000000000000,-0.0000000000003447,-0.0000000993382986,-0.0286290945027796,-27.4121182166032824,0.0000000000000000
0.0000000000000000,-53.5828549196236565,-0.1016737238802997,-0.0000003527912745,-0.0000000000012241,-0.0000000000000000,-0.0000000000000000,-0.0000000000000000,-0.0000000000000000,-0.0000000000000000,-0.0000000000000000,-0.0000000000000000,-0.0000000000000000,-0.0000000000000000,-0.0000000000000000,-0.0000000000000000,-0.0000000000000000,-0.0000000000000000,-0.0000000000000000,-0.0000000000000000,-0.0000000000000000,-0.0000000000000000,-0.0000000000000000,-0.0000000000000000,-0.0000000000000000,-0.0000000000000000,-0.0000000000000000,-0.0000000000000000,-0.0000000000000000,-0.0000000000000000,-0.0000000000000000,-0.0000000000000000,-0.0000000000000000,-0.0000000000000000,-0.0000000000000000,-0.0000000000000000,-0.0000000000000000,-0.0000000000000000,-0.0000000000000000,-0.0000000000000000,-0.0000000000000000,-0.0000000000000000,-0.0000000000000000,-0.0000000000000000,-0.0000000000000000,-0.0000000000001832,-0.0000000527899192,-0.0152139467707643,-19.4798385449223446,0.0000000000000000
0.0000000000000000,-34.0825724427658798,-0.0439411561793971,-0.0000001524686605,-0.0000000000005290,-0.0000000000000000,-0.0000000000000000,-0.0000000000000000,-0.0000000000000000,-0.0000000000000000,-0.0000000000000000,-0.0000000000000000,-0.0000000000000000,-0.0000000000000000,-0.0000000000000000,-0.0000000000000000,-0.0000000000000000,-0.0000000000000000,-0.0000000000000000,-0.0000000000000000,-0.0000000000000000,-0.0000000000000000,-0.0000000000000000,-0.0000000000000000,-0.0000000000000000,-0.0000000000000000,-0.0000000000000000,-0.0000000000000000,-0.0000000000000000,-0.0000000000000000,-0.0000000000000000,-0.0000000000000000,-0.0000000000000000,-0.0000000000000000,-0.0000000000000000,-0.0000000000000000,-0.0000000000000000,-0.0000000000000000,-0.0000000000000000,-0.0000000000000000,-0.0000000000000000,-0.0000000000000000,-0.0000000000000000,-0.0000000000000000,-0.0000000000000000,-0.0000000000000615,-0.0000000177121771,-0.0051046132055534,-10.6549361415673438,0.0000000000000000
0.0000000000000000,-11.4223238315950848,-0.0064140568007409,-0.0000000222557332,-0.0000000000000772,-0.0000000000000000,-0.0000000000000000,-0.0000000000000000,-0.0000000000000000,-0.0000000000000000,-0.0000000000000000,-0.0000000000000000,-0.0000000000000000,-0.0000000000000000,-0.0000000000000000,-0.0000000000000000,-0.0000000000000000,-0.0000000000000000,-0.0000000000000000,-0.0000000000000000,-0.0000000000000000,-0.0000000000000000,-0.0000000000000000,-0.0000000000000000,-0.0000000000000000,-0.0000000000000000,-0.0000000000000000,-0.0000000000000000,-0.0000000000000000,-0.0000000000000000,-0.0000000000000000,-0.0000000000000000,-0.0000000000000000,-0.0000000000000000,-0.0000000000000000,-0.0000000000000000,-0.0000000000000000,-0.0000000000000000,-0.0000000000000000,-0.0000000000000000,-0.0000000000000000,-0.0000000000000000,-0.0000000000000000,-0.0000000000000000,-0.0000000000000000,-0.0000000000000080,-0.0000000023024034,-0.0006635479440465,-3.1910792050671368,0.0000000000000000
0.0000000000000000,0.0059139919760146,-0.0000018811150416,-0.0000000000065272,-0.0000000000000000,-0.0000000000000000,-0.0000000000000000,-0.0000000000000000,-0.0000000000000000,-0.0000000000000000,-0.0000000000000000,-0.0000000000000000,-0.0000000000000000,-0.0000000000000000,-0.0000000000000000,-0.0000000000000000,-0.0000000000000000,-0.0000000000000000,-0.0000000000000000,-0.0000000000000000,-0.0000000000000000,-0.0000000000000000,-0.0000000000000000,-0.0000000000000000,-0.0000000000000000,-0.0000000000000000,-0.0000000000000000,-0.0000000000000000,-0.0000000000000000,-0.0000000000000000,-0.0000000000000000,-0.0000000000000000,-0.0000000000000000,-0.0000000000000000,-0.0000000000000000,-0.0000000000000000,-0.0000000000000000,-0.0000000000000000,-0.0000000000000000,-0.0000000000000000,-0.0000000000000000,-0.0000000000000000,-0.0000000000000000,-0.0000000000000000,-0.0000000000000000,-0.0000000000000000,-0.0000000000007021,-0.0000002023474670,0.0005664667603143,0.0000000000000000
0.0000000000000000,0.0000000205205897,-0.0000000000065272,-0.0000000000000000,-0.0000000000000000,-0.0000000000000000,-0.0000000000000000,-0.0000000000000000,-0.0000000000000000,-0.0000000000000000,-0.0000000000000000,-0.0000000000000000,-0.0000000000000000,-0.0000000000000000,-0.0000000000000000,-0.0000000000000000,-0.0000000000000000,-0.0000000000000000,-0.0000000000000000,-0.0000000000000000,-0.0000000000000000,-0.0000000000000000,-0.0000000000000000,-0.0000000000000000,-0.0000000000000000,-0.0000000000000000,-0.0000000000000000,-0.0000000000000000,-0.0000000000000000,-0.0000000000000000,-0.0000000000000000,-0.0000000000000000,-0.0000000000000000,-0.0000000000000000,-0.0000000000000000,-0.0000000000000000,-0.0000000000000000,-0.0000000000000000,-0.0000000000000000,-0.0000000000000000,-0.0000000000000000,-0.0000000000000000,-0.0000000000000000,-0.0000000000000000,-0.0000000000000000,-0.0000000000000000,-0.0000000000000000,-0.0000000000007021,0.0000000019655475,0.0000000000000000
0.0000000000000000,0.0000000000000712,-0.0000000000000000,-0.0000000000000000,-0.0000000000000000,-0.0000000000000000,-0.0000000000000000,-0.0000000000000000,-0.0000000000000000,-0.0000000000000000,-0.0000000000000000,-0.0000000000000000,-0.0000000000000000,-0.0000000000000000,-0.0000000000000000,-0.0000000000000000,-0.0000000000000000,-0.0000000000000000,-0.0000000000000000,-0.0000000000000000,-0.0000000000000000,-0.0000000000000000,-0.0000000000000000,-0.0000000000000000,-0.0000000000000000,-0.0000000000000000,-0.0000000000000000,-0.0000000000000000,-0.0000000000000000,-0.0000000000000000,-0.0000000000000000,-0.0000000000000000,-0.0000000000000000,-0.0000000000000000,-0.0000000000000000,-0.0000000000000000,-0.0000000000000000,-0.0000000000000000,-0.0000000000000000,-0.0000000000000000,-0.0000000000000000,-0.0000000000000000,-0.0000000000000000,-0.0000000000000000,-0.0000000000000000,-0.0000000000000000,-0.0000000000000000,-0.0000000000000000,0.0000000000000068,0.0000000000000000
0.0000000000000000,0.0000000000000000,-0.0000000000000000,-0.0000000000000000,-0.0000000000000000,-0.0000000000000000,-0.0000000000000000,-0.0000000000000000,-0.0000000000000000,-0.0000000000000000,-0.0000000000000000,-0.0000000000000000,-0.0000000000000000,-0.0000000000000000,-0.0000000000000000,-0.0000000000000000,-0.0000000000000000,-0.0000000000000000,-0.0000000000000000,-0.0000000000000000,-0.0000000000000000,-0.0000000000000000,-0.0000000000000000,-0.0000000000000000,-0.0000000000000000,-0.0000000000000000,-0.0000000000000000,-0.0000000000000000,-0.0000000000000000,-0.0000000000000000,-0.0000000000000000,-0.0000000000000000,-0.0000000000000000,-0.0000000000000000,-0.0000000000000000,-0.0000000000000000,-0.0000000000000000,-0.0000000000000000,-0.0000000000000000,-0.0000000000000000,-0.0000000000000000,-0.0000000000000000,-0.0000000000000000,-0.0000000000000000,-0.0000000000000000,-0.0000000000000000,-0.0000000000000000,-0.0000000000000000,0.0000000000000000,0.0000000000000000
0.0000000000000000,0.0000000000000000,-0.0000000000000000,-0.0000000000000000,-0.0000000000000000,-0.0000000000000000,-0.0000000000000000,-0.0000000000000000,-0.0000000000000000,-0.0000000000000000,-0.0000000000000000,-0.0000000000000000,-0.0000000000000000,-0.0000000000000000,-0.0000000000000000,-0.0000000000000000,-0.0000000000000000,-0.0000000000000000,-0.0000000000000000,-0.0000000000000000,-0.0000000000000000,-0.0000000000000000,-0.0000000000000000,-0.0000000000000000,-0.0000000000000000,-0.0000000000000000,-0.0000000000000000,-0.0000000000000000,-0.0000000000000000,-0.0000000000000000,-0.0000000000000000,-0.0000000000000000,-0.0000000000000000,-0.0000000000000000,-0.0000000000000000,-0.0000000000000000,-0.0000000000000000,-0.0000000000000000,-0.0000000000000000,-0.0000000000000000,-0.0000000000000000,-0.0000000000000000,-0.0000000000000000,-0.0000000000000000,-0.0000000000000000,-0.0000000000000000,-0.0000000000000000,-0.0000000000000000,0.0000000000000000,0.0000000000000000
0.0000000000000000,0.0000000000000000,-0.0000000000000000,-0.0000000000000000,-0.0000000000000000,-0.0000000000000000,-0.0000000000000000,-0.0000000000000000,-0.0000000000000000,-0.0000000000000000,-0.0000000000000000,-0.0000000000000000,-0.0000000000000000,-0.0000000000000000,-0.0000000000000000,-0.0000000000000000,-0.0000000000000000,-0.0000000000000000,-0.0000000000000000,-0.0000000000000000,-0.0000000000000000,-0.0000000000000000,-0.0000000000000000,-0.0000000000000000,-0.0000000000000000,-0.0000000000000000,-0.0000000000000000,-0.0000000000000000,-0.0000000000000000,-0.0000000000000000,-0.0000000000000000,-0.0000000000000000,-0.0000000000000000,-0.0000000000000000,-0.0000000000000000,-0.0000000000000000,-0.0000000000000000,-0.0000000000000000,-0.0000000000000000,-0.0000000000000000,-0.0000000000000000,-0.0000000000000000,-0.0000000000000000,-0.0000000000000000,-0.0000000000000000,-0.0000000000000000,-0.0000000000000000,-0.0000000000000000,0.0000000000000000,0.0000000000000000
0.0000000000000000,0.0000000000000000,-0.0000000000000000,-0.0000000000000000,-0.0000000000000000,-0.0000000000000000,-0.0000000000000000,-0.0000000000000000,-0.0000000000000000,-0.0000000000000000,-0.0000000000000000,-0.0000000000000000,-0.0000000000000000,-0.0000000000000000,-0.0000000000000000,-0.0000000000000000,-0.0000000000000000,-0.0000000000000000,-0.0000000000000000,-0.0000000000000000,-0.0000000000000000,-0.0000000000000000,-0.0000000000000000,-0.0000000000000000,-0.0000000000000000,-0.0000000000000000,-0.0000000000000000,-0.0000000000000000,-0.0000000000000000,-0.0000000000000000,-0.0000000000000000,-0.0000000000000000,-0.0000000000000000,-0.0000000000000000,-0.0000000000000000,-0.0000000000000000,-0.0000000000000000,-0.0000000000000000,-0.0000000000000000,-0.0000000000000000,-0.0000000000000000,-0.0000000000000000,-0.0000000000000000,-0.0000000000000000,-0.0000000000000000,-0.0000000000000000,-0.0000000000000000,-0.0000000000000000,0.0000000000000000,0.0000000000000000
0.0000000000000000,0.0000000000000000,-0.0000000000000000,-0.0000000000000000,-0.0000000000000000,-0.0000000000000000,-0.0000000000000000,-0.0000000000000000,-0.0000000000000000,-0.0000000000000000,-0.0000000000000000,-0.0000000000000000,-0.0000000000000000,-0.0000000000000000,-0.0000000000000000,-0.0000000000000000,-0.0000000000000000,-0.0000000000000000,-0.0000000000000000,-0.0000000000000000,-0.0000000000000000,-0.0000000000000000,-0.0000000000000000,-0.0000000000000000,-0.0000000000000000,-0.0000000000000000,-0.0000000000000000,-0.0000000000000000,-0.0000000000000000,-0.0000000000000000,-0.0000000000000000,-0.0000000000000000,-0.0000000000000000,-0.0000000000000000,-0.0000000000000000,-0.0000000000000000,-0.0000000000000000,-0.0000000000000000,-0.0000000000000000,-0.0000000000000000,-0.0000000000000000,-0.0000000000000000,-0.0000000000000000,-0.0000000000000000,-0.0000000000000000,-0.0000000000000000,-0.0000000000000000,-0.0000000000000000,0.0000000000000000,0.0000000000000000
0.0000000000000000,0.0000000000000000,-0.0000000000000000,-0.0000000000000000,-0.0000000000000000,-0.0000000000000000,-0.0000000000000000,-0.0000000000000000,-0.0000000000000000,-0.0000000000000000,-0.0000000000000000,-0.0000000000000000,-0.0000000000000000,-0.0000000000000000,-0.0000000000000000,-0.0000000000000000,-0.0000000000000000,-0.0000000000000000,-0.0000000000000000,-0.0000000000000000,-0.0000000000000000,-0.0000000000000000,-0.0000000000000000,-0.0000000000000000,-0.0000000000000000,-0.0000000000000000,-0.0000000000000000,-0.0000000000000000,-0.0000000000000000,-0.0000000000000000,-0.0000000000000000,-0.0000000000000000,-0.0000000000000000,-0.0000000000000000,-0.0000000000000000,-0.0000000000000000,-0.0000000000000000,-0.0000000000000000,-0.0000000000000000,-0.0000000000000000,-0.0000000000000000,-0.0000000000000000,-0.0000000000000000,-0.0000000000000000,-0.0000000000000000,-0.0000000000000000,-0.0000000000000000,-0.0000000000000000,0.0000000000000000,0.0000000000000000
0.0000000000000000,0.0000000000000000,-0.0000000000000000,-0.0000000000000000,-0.0000000000000000,-0.0000000000000000,-0.0000000000000000,-0.0000000000000000,-0.0000000000000000,-0.0000000000000000,-0.0000000000000000,-0.0000000000000000,-0.0000000000000000,-0.0000000000000000,-0.0000000000000000,-0.0000000000000000,-0.0000000000000000,-0.0000000000000000,-0.0000000000000000,-0.0000000000000000,-0.0000000000000000,-0.0000000000000000,-0.0000000000000000,-0.0000000000000000,-0.0000000000000000,-0.0000000000000000,-0.0000000000000000,-0.0000000000000000,-0.0000000000000000,-0.0000000000000000,-0.0000000000000000,-0.0000000000000000,-0.0000000000000000,-0.0000000000000000,-0.0000000000000000,-0.0000000000000000,-0.0000000000000000,-0.0000000000000000,-0.0000000000000000,-0.0000000000000000,-0.0000000000000000,-0.0000000000000000,-0.0000000000000000,-0.0000000000000000,-0.0000000000000000,-0.0000000000000000,-0.0000000000000000,-0.0000000000000000,0.0000000000000000,0.0000000000000000
0.0000000000000000,0.0000000000000000,-0.0000000000000000,-0.0000000000000000,-0.0000000000000000,-0.0000000000000000,-0.0000000000000000,-0.0000000000000000,-0.0000000000000000,-0.0000000000000000,-0.0000000000000000,-0.0000000000000000,-0.0000000000000000,-0.0000000000000000,-0.0000000000000000,-0.0000000000000000,-0.0000000000000000,-0.0000000000000000,-0.0000000000000000,-0.0000000000000000,-0.0000000000000000,-0.0000000000000000,-0.0000000000000000,-0.0000000000000000,-0.0000000000000000,-0.0000000000000000,-0.0000000000000000,-0.0000000000000000,-0.0000000000000000,-0.0000000000000000,-0.0000000000000000,-0.0000000000000000,-0.0000000000000000,-0.0000000000000000,-0.0000000000000000,-0.0000000000000000,-0.0000000000000000,-0.0000000000000000,-0.0000000000000000,-0.0000000000000000,-0.0000000000000000,-0.0000000000000000,-0.0000000000000000,-0.0000000000000000,-0.0000000000000000,-0.0000000000000000,-0.0000000000000000,-0.0000000000000000,0.0000000000000000,0.0000000000000000
0.0000000000000000,0.0000000000000000,-0.0000000000000000,-0.0000000000000000,-0.0000000000000000,-0.0000000000000000,-0.0000000000000000,-0.0000000000000000,-0.0000000000000000,-0.0000000000000000,-0.0000000000000000,-0.0000000000000000,-0.0000000000000000,-0.0000000000000000,-0.0000000000000000,-0.0000000000000000,-0.0000000000000000,-0.0000000000000000,-0.0000000000000000,-0.0000000000000000,-0.0000000000000000,-0.0000000000000000,-0.0000000000000000,-0.0000000000000000,-0.0000000000000000,-0.0000000000000000,-0.0000000000000000,-0.0000000000000000,-0.0000000000000000,-0.0000000000000000,-0.0000000000000000,-0.0000000000000000,-0.0000000000000000,-0.0000000000000000,-0.0000000000000000,-0.0000000000000000,-0.0000000000000000,-0.0000000000000000,-0.0000000000000000,-0.0000000000000000,-0.0000000000000000,-0.0000000000000000,-0.0000000000000000,-0.0000000000000000,-0.0000000000000000,-0.0000000000000000,-0.0000000000000000,-0.0000000000000000,0.0000000000000000,0.0000000000000000
0.0000000000000000,0.0000000000000000,-0.0000000000000000,-0.0000000000000000,-0.0000000000000000,-0.0000000000000000,-0.0000000000000000,-0.0000000000000000,-0.0000000000000000,-0.0000000000000000,-0.0000000000000000,-0.0000000000000000,-0.0000000000000000,-0.0000000000000000,-0.0000000000000000,-0.0000000000000000,-0.0000000000000000,-0.0000000000000000,-0.0000000000000000,-0.0000000000000000,-0.0000000000000000,-0.0000000000000000,-0.0000000000000000,-0.0000000000000000,-0.0000000000000000,-0.0000000000000000,-0.0000000000000000,-0.0000000000000000,-0.0000000000000000,-0.0000000000000000,-0.0000000000000000,-0.0000000000000000,-0.0000000000000000,-0.0000000000000000,-0.0000000000000000,-0.0000000000000000,-0.0000000000000000,-0.0000000000000000,-0.0000000000000000,-0.0000000000000000,-0.0000000000000000,-0.0000000000000000,-0.0000000000000000,-0.0000000000000000,-0.0000000000000000,-0.0000000000000000,-0.0000000000000000,-0.0000000000000000,0.0000000000000000,0.0000000000000000
0.0000000000000000,0.0000000000000000,-0.0000000000000000,-0.0000000000000000,-0.0000000000000000,-0.0000000000000000,-0.0000000000000000,-0.0000000000000000,-0.0000000000000000,-0.0000000000000000,-0.0000000000000000,-0.0000000000000000,-0.0000000000000000,-0.0000000000000000,-0.0000000000000000,-0.0000000000000000,-0.0000000000000000,-0.0000000000000000,-0.0000000000000000,-0.0000000000000000,-0.0000000000000000,-0.0000000000000000,-0.0000000000000000,-0.0000000000000000,-0.0000000000000000,-0.0000000000000000,-0.0000000000000000,-0.0000000000000000,-0.0000000000000000,-0.0000000000000000,-0.0000000000000000,-0.0000000000000000,-0.0000000000000000,-0.0000000000000000,-0.0000000000000000,-0.0000000000000000,-0.0000000000000000,-0.0000000000000000,-0.0000000000000000,-0.0000000000000000,-0.0000000000000000,-0.0000000000000000,-0.0000000000000000,-0.0000000000000000,-0.0000000000000000,-0.0000000000000000,-0.0000000000000000,-0.0000000000000000,0.0000000000000000,0.0000000000000000
0.0000000000000000,0.0000000000000000,-0.0000000000000000,-0.0000000000000000,-0.0000000000000000,-0.0000000000000000,-0.0000000000000000,-0.0000000000000000,-0.0000000000000000,-0.0000000000000000,-0.0000000000000000,-0.0000000000000000,-0.0000000000000000,-0.0000000000000000,-0.0000000000000000,-0.0000000000000000,-0.0000000000000000,-0.0000000000000000,-0.0000000000000000,-0.0000000000000000,-0.0000000000000000,-0.0000000000000000,-0.0000000000000000,-0.0000000000000000,-0.0000000000000000,-0.0000000000000000,-0.0000000000000000,-0.0000000000000000,-0.0000000000000000,-0.0000000000000000,-0.0000000000000000,-0.0000000000000000,-0.0000000000000000,-0.0000000000000000,-0.0000000000000000,-0.0000000000000000,-0.0000000000000000,-0.0000000000000000,-0.0000000000000000,-0.0000000000000000,-0.0000000000000000,-0.0000000000000000,-0.0000000000000000,-0.0000000000000000,-0.0000000000000000,-0.0000000000000000,-0.0000000000000000,-0.0000000000000000,0.0000000000000000,0.0000000000000000
0.0000000000000000,0.0000000000000000,-0.0000000000000000,-0.0000000000000000,-0.0000000000000000,-0.0000000000000000,-0.0000000000000000,-0.0000000000000000,-0.0000000000000000,-0.0000000000000000,-0.0000000000000000,-0.0000000000000000,-0.0000000000000000,-0.0000000000000000,-0.0000000000000000,-0.0000000000000000,-0.0000000000000000,-0.0000000000000000,-0.0000000000000000,-0.0000000000000000,-0.0000000000000000,-0.0000000000000000,-0.0000000000000000,-0.0000000000000000,-0.0000000000000000,-0.0000000000000000,-0.0000000000000000,-0.0000000000000000,-0.0000000000000000,-0.0000000000000000,-0.0000000000000000,-0.0000000000000000,-0.0000000000000000,-0.0000000000000000,-0.0000000000000000,-0.0000000000000000,-0.0000000000000000,-0.0000000000000000,-0.0000000000000000,-0.0000000000000000,-0.0000000000000000,-0.0000000000000000,-0.0000000000000000,-0.0000000000000000,-0.0000000000000000,-0.0000000000000000,-0.0000000000000000,-0.0000000000000000,0.0000000000000000,0.0000000000000000
0.0000000000000000,0.0000000000000000,-0.0000000000000000,-0.0000000000000000,-0.0000000000000000,-0.0000000000000000,-0.0000000000000000,-0.0000000000000000,-0.0000000000000000,-0.0000000000000000,-0.0000000000000000,-0.0000000000000000,-0.0000000000000000,-0.0000000000000000,-0.0000000000000000,-0.0000000000000000,-0.0000000000000000,-0.0000000000000000,-0.0000000000000000,-0.0000000000000000,-0.0000000000000000,-0.0000000000000000,-0.0000000000000000,-0.0000000000000000,-0.0000000000000000,-0.0000000000000000,-0.0000000000000000,-0.0000000000000000,-0.0000000000000000,-0.0000000000000000,-0.0000000000000000,-0.0000000000000000,-0.0000000000000000,-0.0000000000000000,-0.0000000000000000,-0.0000000000000000,-0.0000000000000000,-0.0000000000000000,-0.0000000000000000,-0.0000000000000000,-0.0000000000000000,-0.0000000000000000,-0.0000000000000000,-0.0000000000000000,-0.0000000000000000,-0.0000000000000000,-0.0000000000000000,-0.0000000000000000,0.0000000000000000,0.0000000000000000
0.0000000000000000,0.0000000000000000,-0.0000000000000000,-0.0000000000000000,-0.0000000000000000,-0.0000000000000000,-0.0000000000000000,-0.0000000000000000,-0.0000000000000000,-0.0000000000000000,-0.0000000000000000,-0.0000000000000000,-0.0000000000000000,-0.0000000000000000,-0.0000000000000000,-0.0000000000000000,-0.0000000000000000,-0.0000000000000000,-0.0000000000000000,-0.0000000000000000,-0.0000000000000000,-0.0000000000000000,-0.0000000000000000,-0.0000000000000000,-0.0000000000000000,-0.0000000000000000,-0.0000000000000000,-0.0000000000000000,-0.0000000000000000,-0.0000000000000000,-0.0000000000000000,-0.0000000000000000,-0.0000000000000000,-0.0000000000000000,-0.0000000000000000,-0.0000000000000000,-0.0000000000000000,-0.0000000000000000,-0.0000000000000000,-0.0000000000000000,-0.0000000000000000,-0.0000000000000000,-0.0000000000000000,-0.0000000000000000,-0.0000000000000000,-0.0000000000000000,-0.0000000000000000,-0.0000000000000000,0.0000000000000000,0.0000000000000000
0.0000000000000000,0.0000000000000000,-0.0000000000000000,-0.0000000000000000,-0.0000000000000000,-0.0000000000000000,-0.0000000000000000,-0.0000000000000000,-0.0000000000000000,-0.0000000000000000,-0.0000000000000000,-0.0000000000000000,-0.0000000000000000,-0.0000000000000000,-0.0000000000000000,-0.0000000000000000,-0.0000000000000000,-0.0000000000000000,-0.0000000000000000,-0.0000000000000000,-0.0000000000000000,-0.0000000000000000,-0.0000000000000000,-0.0000000000000000,-0.0000000000000000,-0.0000000000000000,-0.0000000000000000,-0.0000000000000000,-0.0000000000000000,-0.0000000000000000,-0.0000000000000000,-0.0000000000000000,-0.0000000000000000,-0.0000000000000000,-0.0000000000000000,-0.0000000000000000,-0.0000000000000000,-0.0000000000000000,-0.0000000000000000,-0.0000000000000000,-0.0000000000000000,-0.0000000000000000,-0.0000000000000000,-0.0000000000000000,-0.0000000000000000,-0.0000000000000000,-0.0000000000000000,-0.0000000000000000,0.0000000000000000,0.0000000000000000
0.0000000000000000,0.0000000000000000,-0.0000000000000000,-0.0000000000000000,-0.0000000000000000,-0.0000000000000000,-0.0000000000000000,-0.0000000000000000,-0.0000000000000000,-0.0000000000000000,-0.0000000000000000,-0.0000000000000000,-0.0000000000000000,-0.0000000000000000,-0.0000000000000000,-0.0000000000000000,-0.0000000000000000,-0.0000000000000000,-0.0000000000000000,-0.0000000000000000,-0.0000000000000000,-0.0000000000000000,-0.0000000000000000,-0.0000000000000000,-0.0000000000000000,-0.0000000000000000,-0.0000000000000000,-0.0000000000000000,-0.0000000000000000,-0.0000000000000000,-0.0000000000000000,-0.0000000000000000,-0.0000000000000000,-0.0000000000000000,-0.0000000000000000,-0.0000000000000000,-0.0000000000000000,-0.0000000000000000,-0.0000000000000000,-0.0000000000000000,-0.0000000000000000,-0.0000000000000000,-0.0000000000000000,-0.0000000000000000,-0.0000000000000000,-0.0000000000000000,-0.0000000000000000,-0.0000000000000000,0.0000000000000000,0.0000000000000000
0.0000000000000000,0.0000000000000000,-0.0000000000000000,-0.0000000000000000,-0.0000000000000000,-0.0000000000000000,-0.0000000000000000,-0.0000000000000000,-0.0000000000000000,-0.0000000000000000,-0.0000000000000000,-0.0000000000000000,-0.0000000000000000,-0.0000000000000000,-0.0000000000000000,-0.0000000000000000,-0.0000000000000000,-0.0000000000000000,-0.0000000000000000,-0.0000000000000000,-0.0000000000000000,-0.0000000000000000,-0.0000000000000000,-0.0000000000000000,-0.0000000000000000,-0.0000000000000000,-0.0000000000000000,-0.0000000000000000,-0.0000000000000000,-0.0000000000000000,-0.0000000000000000,-0.0000000000000000,-0.0000000000000000,-0.0000000000000000,-0.0000000000000000,-0.0000000000000000,-0.0000000000000000,-0.0000000000000000,-0.0000000000000000,-0.0000000000000000,-0.0000000000000000,-0.0000000000000000,-0.0000000000000000,-0.0000000000000000,-0.0000000000000000,-0.0000000000000000,-0.0000000000000000,-0.0000000000000000,0.0000000000000000,0.0000000000000000
0.0000000000000000,0.0000000000000000,-0.0000000000000000,-0.0000000000000000,-0.0000000000000000,-0.0000000000000000,-0.0000000000000000,-0.0000000000000000,-0.0000000000000000,-0.0000000000000000,-0.0000000000000000,-0.0000000000000000,-0.0000000000000000,-0.0000000000000000,-0.0000000000000000,-0.0000000000000000,-0.0000000000000000,-0.0000000000000000,-0.0000000000000000,-0.0000000000000000,-0.0000000000000000,-0.0000000000000000,-0.0000000000000000,-0.0000000000000000,-0.0000000000000000,-0.0000000000000000,-0.0000000000000000,-0.0000000000000000,-0.0000000000000000,-0.0000000000000000,-0.0000000000000000,-0.0000000000000000,-0.0000000000000000,-0.0000000000000000,-0.0000000000000000,-0.0000000000000000,-0.0000000000000000,-0.0000000000000000,-0.0000000000000000,-0.0000000000000000,-0.0000000000000000,-0.0000000000000000,-0.0000000000000000,-0.0000000000000000,-0.0000000000000000,-0.0000000000000000,-0.0000000000000000,-0.0000000000000000,0.0000000000000000,0.0000000000000000
0.0000000000000000,0.0000000000000000,-0.0000000000000000,-0.0000000000000000,-0.0000000000000000,-0.0000000000000000,-0.0000000000000000,-0.0000000000000000,-0.0000000000000000,-0.0000000000000000,-0.0000000000000000,-0.0000000000000000,-0.0000000000000000,-0.0000000000000000,-0.0000000000000000,-0.0000000000000000,-0.0000000000000000,-0.0000000000000000,-0.0000000000000000,-0.0000000000000000,-0.0000000000000000,-0.0000000000000000,-0.0000000000000000,-0.0000000000000000,-0.0000000000000000,-0.0000000000000000,-0.0000000000000000,-0.0000000000000000,-0.0000000000000000,-0.0000000000000000,-0.0000000000000000,-0.0000000000000000,-0.0000000000000000,-0.0000000000000000,-0.0000000000000000,-0.0000000000000000,-0.0000000000000000,-0.0000000000000000,-0.0000000000000000,-0.0000000000000000,-0.0000000000000000,-0.0000000000000000,-0.0000000000000000,-0.0000000000000000,-0.0000000000000000,-0.0000000000000000,-0.0000000000000000,-0.0000000000000000,0.0000000000000000,0.0000000000000000
0.0000000000000000,0.0000000000000000,-0.0000000000000000,-0.0000000000000000,-0.0000000000000000,-0.0000000000000000,-0.0000000000000000,-0.0000000000000000,-0.0000000000000000,-0.0000000000000000,-0.0000000000000000,-0.0000000000000000,-0.0000000000000000,-0.0000000000000000,-0.0000000000000000,-0.0000000000000000,-0.0000000000000000,-0.0000000000000000,-0.0000000000000000,-0.0000000000000000,-0.0000000000000000,-0.0000000000000000,-0.0000000000000000,-0.0000000000000000,-0.0000000000000000,-0.0000000000000000,-0.0000000000000000,-0.0000000000000000,-0.0000000000000000,-0.0000000000000000,-0.0000000000000000,-0.0000000000000000,-0.0000000000000000,-0.0000000000000000,-0.0000000000000000,-0.0000000000000000,-0.0000000000000000,-0.0000000000000000,-0.0000000000000000,-0.0000000000000000,-0.0000000000000000,-0.0000000000000000,-0.0000000000000000,-0.0000000000000000,-0.0000000000000000,-0.0000000000000000,-0.0000000000000000,-0.0000000000000000,0.0000000000000000,0.0000000000000000
0.0000000000000000,0.0000000000000000,-0.0000000000000000,-0.0000000000000000,-0.0000000000000000,-0.0000000000000000,-0.0000000000000000,-0.0000000000000000,-0.0000000000000000,-0.0000000000000000,-0.0000000000000000,-0.0000000000000000,-0.0000000000000000,-0.0000000000000000,-0.0000000000000000,-0.0000000000000000,-0.0000000000000000,-0.0000000000000000,-0.0000000000000000,-0.0000000000000000,-0.0000000000000000,-0.0000000000000000,-0.0000000000000000,-0.0000000000000000,-0.0000000000000000,-0.0000000000000000,-0.0000000000000000,-0.0000000000000000,-0.0000000000000000,-0.0000000000000000,-0.0000000000000000,-0.0000000000000000,-0.0000000000000000,-0.0000000000000000,-0.0000000000000000,-0.0000000000000000,-0.0000000000000000,-0.0000000000000000,-0.0000000000000000,-0.0000000000000000,-0.0000000000000000,-0.0000000000000000,-0.0000000000000000,-0.0000000000000000,-0.0000000000000000,-0.0000000000000000,-0.0000000000000000,-0.0000000000000000,0.0000000000000000,0.0000000000000000
0.0000000000000000,0.0000000000000000,-0.0000000000000000,-0.0000000000000000,-0.0000000000000000,-0.0000000000000000,-0.0000000000000000,-0.0000000000000000,-0.0000000000000000,-0.0000000000000000,-0.0000000000000000,-0.0000000000000000,-0.0000000000000000,-0.0000000000000000,-0.0000000000000000,-0.0000000000000000,-0.0000000000000000,-0.0000000000000000,-0.0000000000000000,-0.0000000000000000,-0.0000000000000000,-0.0000000000000000,-0.0000000000000000,-0.0000000000000000,-0.0000000000000000,-0.0000000000000000,-0.0000000000000000,-0.0000000000000000,-0.0000000000000000,-0.0000000000000000,-0.0000000000000000,-0.0000000000000000,-0.0000000000000000,-0.0000000000000000,-0.0000000000000000,-0.0000000000000000,-0.0000000000000000,-0.0000000000000000,-0.0000000000000000,-0.0000000000000000,-0.0000000000000000,-0.0000000000000000,-0.0000000000000000,-0.0000000000000000,-0.0000000000000000,-0.0000000000000000,-0.0000000000000000,-0.0000000000000000,0.0000000000000000,0.0000000000000000
0.0000000000000000,0.0000000000000000,-0.0000000000000000,-0.0000000000000000,-0.0000000000000000,-0.0000000000000000,-0.0000000000000000,-0.0000000000000000,-0.0000000000000000,-0.0000000000000000,-0.0000000000000000,-0.0000000000000000,-0.0000000000000000,-0.0000000000000000,-0.0000000000000000,-0.0000000000000000,-0.0000000000000000,-0.0000000000000000,-0.0000000000000000,-0.0000000000000000,-0.0000000000000000,-0.0000000000000000,-0.0000000000000000,-0.0000000000000000,-0.0000000000000000,-0.0000000000000000,-0.0000000000000000,-0.0000000000000000,-0.0000000000000000,-0.0000000000000000,-0.0000000000000000,-0.0000000000000000,-0.0000000000000000,-0.0000000000000000,-0.0000000000000000,-0.0000000000000000,-0.0000000000000000,-0.0000000000000000,-0.0000000000000000,-0.0000000000000000,-0.0000000000000000,-0.0000000000000000,-0.0000000000000000,-0.0000000000000000,-0.0000000000000000,-0.0000000000000000,-0.0000000000000000,-0.0000000000000000,0.0000000000000000,0.0000000000000000
0.0000000000000000,0.0000000000000000,-0.0000000000000000,-0.0000000000000000,-0.0000000000000000,-0.0000000000000000,-0.0000000000000000,-0.0000000000000000,-0.0000000000000000,-0.0000000000000000,-0.0000000000000000,-0.0000000000000000,-0.0000000000000000,-0.0000000000000000,-0.0000000000000000,-0.0000000000000000,-0.0000000000000000,-0.0000000000000000,-0.0000000000000000,-0.0000000000000000,-0.0000000000000000,-0.0000000000000000,-0.0000000000000000,-0.0000000000000000,-0.0000000000000000,-0.0000000000000000,-0.0000000000000000,-0.0000000000000000,-0.0000000000000000,-0.0000000000000000,-0.0000000000000000,-0.0000000000000000,-0.0000000000000000,-0.0000000000000000,-0.0000000000000000,-0.0000000000000000,-0.0000000000000000,-0.0000000000000000,-0.0000000000000000,-0.0000000000000000,-0.0000000000000000,-0.0000000000000000,-0.0000000000000000,-0.0000000000000000,-0.0000000000000000,-0.0000000000000000,-0.0000000000000000,-0.0000000000000000,0.0000000000000000,0.0000000000000000
0.0000000000000000,0.0000000000000000,-0.0000000000000000,-0.0000000000000000,-0.0000000000000000,-0.0000000000000000,-0.0000000000000000,-0.0000000000000000,-0.0000000000000000,-0.0000000000000000,-0.0000000000000000,-0.0000000000000000,-0.0000000000000000,-0.0000000000000000,-0.0000000000000000,-0.0000000000000000,-0.0000000000000000,-0.0000000000000000,-0.0000000000000000,-0.0000000000000000,-0.0000000000000000,-0.0000000000000000,-0.0000000000000000,-0.0000000000000000,-0.0000000000000000,-0.0000000000000000,-0.0000000000000000,-0.0000000000000000,-0.0000000000000000,-0.0000000000000000,-0.0000000000000000,-0.0000000000000000,-0.0000000000000000,-0.0000000000000000,-0.0000000000000000,-0.0000000000000000,-0.0000000000000000,-0.0000000000000000,-0.0000000000000000,-0.0000000000000000,-0.0000000000000000,-0.0000000000000000,-0.0000000000000000,-0.0000000000000000,-0.0000000000000000,-0.0000000000000000,-0.0000000000000000,-0.0000000000000000,0.0000000000000000,0.0000000000000000
0.0000000000000000,0.0000000000000000,-0.0000000000000000,-0.0000000000000000,-0.0000000000000000,-0.0000000000000000,-0.0000000000000000,-0.0000000000000000,-0.0000000000000000,-0.0000000000000000,-0.0000000000000000,-0.0000000000000000,-0.0000000000000000,-0.0000000000000000,-0.0000000000000000,-0.0000000000000000,-0.0000000000000000,-0.0000000000000000,-0.0000000000000000,-0.0000000000000000,-0.0000000000000000,-0.0000000000000000,-0.0000000000000000,-0.0000000000000000,-0.0000000000000000,-0.0000000000000000,-0.0000000000000000,-0.0000000000000000,-0.0000000000000000,-0.0000000000000000,-0.0000000000000000,-0.0000000000000000,-0.0000000000000000,-0.0000000000000000,-0.0000000000000000,-0.0000000000000000,-0.0000000000000000,-0.0000000000000000,-0.0000000000000000,-0.0000000000000000,-0.0000000000000000,-0.0000000000000000,-0.0000000000000000,-0.0000000000000000,-0.0000000000000000,-0.0000000000000000,-0.0000000000000000,-0.0000000000000000,0.0000000000000000,0.0000000000000000
0.0000000000000000,0.0000000000000000,-0.0000000000000000,-0.0000000000000000,-0.0000000000000000,-0.0000000000000000,-0.0000000000000000,-0.0000000000000000,-0.0000000000000000,-0.0000000000000000,-0.0000000000000000,-0.0000000000000000,-0.0000000000000000,-0.0000000000000000,-0.0000000000000000,-0.0000000000000000,-0.0000000000000000,-0.0000000000000000,-0.0000000000000000,-0.0000000000000000,-0.0000000000000000,-0.0000000000000000,-0.0000000000000000,-0.0000000000000000,-0.0000000000000000,-0.0000000000000000,-0.0000000000000000,-0.0000000000000000,-0.0000000000000000,-0.0000000000000000,-0.0000000000000000,-0.0000000000000000,-0.0000000000000000,-0.0000000000000000,-0.0000000000000000,-0.0000000000000000,-0.0000000000000000,-0.0000000000000000,-0.0000000000000000,-0.0000000000000000,-0.0000000000000000,-0.0000000000000000,-0.0000000000000000,-0.0000000000000000,-0.0000000000000000,-0.0000000000000000,-0.0000000000000000,-0.0000000000000000,0.0000000000000000,0.0000000000000000
0.0000000000000000,0.0000000000000000,-0.0000000000000000,-0.0000000000000000,-0.0000000000000000,-0.0000000000000000,-0.0000000000000000,-0.0000000000000000,-0.0000000000000000,-0.0000000000000000,-0.0000000000000000,-0.0000000000000000,-0.0000000000000000,-0.0000000000000000,-0.0000000000000000,-0.0000000000000000,-0.0000000000000000,-0.0000000000000000,-0.0000000000000000,-0.0000000000000000,-0.0000000000000000,-0.0000000000000000,-0.0000000000000000,-0.0000000000000000,-0.0000000000000000,-0.0000000000000000,-0.0000000000000000,-0.0000000000000000,-0.0000000000000000,-0.0000000000000000,-0.0000000000000000,-0.0000000000000000,-0.0000000000000000,-0.0000000000000000,-0.0000000000000000,-0.0000000000000000,-0.0000000000000000,-0.0000000000000000,-0.0000000000000000,-0.0000000000000000,-0.0000000000000000,-0.0000000000000000,-0.0000000000000000,-0.0000000000000000,-0.0000000000000000,-0.0000000000000000,-0.0000000000000000,-0.0000000000000000,0.0000000000000000,0.0000000000000000
0.0000000000000000,0.0000000000000000,-0.0000000000000000,-0.0000000000000000,-0.0000000000000000,-0.0000000000000000,-0.0000000000000000,-0.0000000000000000,-0.0000000000000000,-0.0000000000000000,-0.0000000000000000,-0.0000000000000000,-0.0000000000000000,-0.0000000000000000,-0.0000000000000000,-0.0000000000000000,-0.0000000000000000,-0.0000000000000000,-0.0000000000000000,-0.0000000000000000,-0.0000000000000000,-0.0000000000000000,-0.0000000000000000,-0.0000000000000000,-0.0000000000000000,-0.0000000000000000,-0.0000000000000000,-0.0000000000000000,-0.0000000000000000,-0.0000000000000000,-0.0000000000000000,-0.0000000000000000,-0.0000000000000000,-0.0000000000000000,-0.0000000000000000,-0.0000000000000000,-0.0000000000000000,-0.0000000000000000,-0.0000000000000000,-0.0000000000000000,-0.0000000000000000,-0.0000000000000000,-0.0000000000000000,-0.0000000000000000,-0.0000000000000000,-0.0000000000000000,-0.0000000000000000,-0.0000000000000000,0.0000000000000000,0.0000000000000000
0.0000000000000000,0.0000000000000000,-0.0000000000000000,-0.0000000000000000,-0.0000000000000000,-0.0000000000000000,-0.0000000000000000,-0.0000000000000000,-0.0000000000000000,-0.0000000000000000,-0.0000000000000000,-0.0000000000000000,-0.0000000000000000,-0.0000000000000000,-0.0000000000000000,-0.0000000000000000,-0.0000000000000000,-0.0000000000000000,-0.0000000000000000,-0.0000000000000000,-0.0000000000000000,-0.0000000000000000,-0.0000000000000000,-0.0000000000000000,-0.0000000000000000,-0.0000000000000000,-0.0000000000000000,-0.0000000000000000,-0.0000000000000000,-0.0000000000000000,-0.0000000000000000,-0.0000000000000000,-0.0000000000000000,-0.0000000000000000,-0.0000000000000000,-0.0000000000000000,-0.0000000000000000,-0.0000000000000000,-0.0000000000000000,-0.0000000000000000,-0.0000000000000000,-0.0000000000000000,-0.0000000000000000,-0.0000000000000000,-0.0000000000000000,-0.0000000000000000,-0.0000000000000000,-0.0000000000000000,0.0000000000000000,0.0000000000000000
0.0000000000000000,0.0000000000000000,-0.0000000000000000,-0.0000000000000000,-0.0000000000000000,-0.0000000000000000,-0.0000000000000000,-0.0000000000000000,-0.0000000000000000,-0.0000000000000000,-0.0000000000000000,-0.0000000000000000,-0.0000000000000000,-0.0000000000000000,-0.0000000000000000,-0.0000000000000000,-0.0000000000000000,-0.0000000000000000,-0.0000000000000000,-0.0000000000000000,-0.0000000000000000,-0.0000000000000000,-0.0000000000000000,-0.0000000000000000,-0.0000000000000000,-0.0000000000000000,-0.0000000000000000,-0.0000000000000000,-0.0000000000000000,-0.0000000000000000,-0.0000000000000000,-0.0000000000000000,-0.0000000000000000,-0.0000000000000000,-0.0000000000000000,-0.0000000000000000,-0.0000000000000000,-0.0000000000000000,-0.0000000000000000,-0.0000000000000000,-0.0000000000000000,-0.0000000000000000,-0.0000000000000000,-0.0000000000000000,-0.0000000000000000,-0.0000000000000000,-0.0000000000000000,-0.0000000000000000,0.0000000000000000,0.0000000000000000
0.0000000000000000,0.0000000000000000,-0.0000000000000000,-0.0000000000000000,-0.0000000000000000,-0.0000000000000000,-0.0000000000000000,-0.0000000000000000,-0.0000000000000000,-0.0000000000000000,-0.0000000000000000,-0.0000000000000000,-0.0000000000000000,-0.0000000000000000,-0.0000000000000000,-0.0000000000000000,-0.0000000000000000,-0.0000000000000000,-0.0000000000000000,-0.0000000000000000,-0.0000000000000000,-0.0000000000000000,-0.0000000000000000,-0.0000000000000000,-0.0000000000000000,-0.0000000000000000,-0.0000000000000000,-0.0000000000000000,-0.0000000000000000,-0.0000000000000000,-0.0000000000000000,-0.0000000000000000,-0.0000000000000000,-0.0000000000000000,-0.0000000000000000,-0.0000000000000000,-0.0000000000000000,-0.0000000000000000,-0.0000000000000000,-0.0000000000000000,-0.0000000000000000,-0.0000000000000000,-0.0000000000000000,-0.0000000000000000,-0.0000000000000000,-0.0000000000000000,-0.0000000000000000,-0.0000000000000000,0.0000000000000000,0.0000000000000000
0.0000000000000000,0.0000000000000000,-0.0000000000000000,-0.0000000000000000,-0.0000000000000000,-0.0000000000000000,-0.0000000000000000,-0.0000000000000000,-0.0000000000000000,-0.0000000000000000,-0.0000000000000000,-0.0000000000000000,-0.0000000000000000,-0.0000000000000000,-0.0000000000000000,-0.0000000000000000,-0.0000000000000000,-0.0000000000000000,-0.0000000000000000,-0.0000000000000000,-0.0000000000000000,-0.0000000000000000,-0.0000000000000000,-0.0000000000000000,-0.0000000000000000,0.0000000000000000,-0.0000000000000000,-0.0000000000000000,-0.0000000000000000,-0.0000000000000000,-0.0000000000000000,-0.0000000000000000,-0.0000000000000000,-0.0000000000000000,-0.0000000000000000,-0.0000000000000000,-0.0000000000000000,-0.0000000000000000,-0.0000000000000000,-0.0000000000000000,-0.0000000000000000,-0.0000000000000000,-0.0000000000000000,-0.0000000000000000,-0.0000000000000000,-0.0000000000000000,-0.0000000000000000,-0.0000000000000000,0.0000000000000000,0.0000000000000000
0.0000000000000000,0.0000000000000000,-0.0000000000000000,-0.0000000000000000,-0.0000000000000000,-0.0000000000000000,-0.0000000000000000,-0.0000000000000000,-0.0000000000000000,-0.0000000000000000,-0.0000000000000000,-0.0000000000000000,-0.0000000000000000,-0.0000000000000000,-0.0000000000000000,-0.0000000000000000,-0.0000000000000000,-0.0000000000000000,-0.0000000000000000,-0.0000000000000000,-0.0000000000000000,-0.0000000000000000,-0.0000000000000000,-0.0000000000000000,0.0000000000000000,0.0000000000000000,0.0000000000000000,-0.0000000000000000,-0.0000000000000000,-0.0000000000000000,-0.0000000000000000,-0.0000000000000000,-0.0000000000000000,-0.0000000000000000,-0.0000000000000000,-0.0000000000000000,-0.0000000000000000,-0.0000000000000000,-0.0000000000000000,-0.0000000000000000,-0.0000000000000000,-0.0000000000000000,-0.0000000000000000,-0.0000000000000000,-0.0000000000000000,-0.0000000000000000,-0.0000000000000000,-0.0000000000000000,0.0000000000000000,0.0000000000000000
0.0000000000000000,0.0000000000000000,-0.0000000000000000,-0.0000000000000000,-0.0000000000000000,-0.0000000000000000,-0.0000000000000000,-0.0000000000000000,-0.0000000000000000,-0.0000000000000000,-0.0000000000000000,-0.0000000000000000,-0.0000000000000000,-0.0000000000000000,-0.0000000000000000,-0.0000000000000000,-0.0000000000000000,-0.0000000000000000,-0.0000000000000000,-0.0000000000000000,-0.0000000000000000,-0.0000000000000000,-0.0000000000000000,0.0000000000000000,0.0000000000000000,0.0000000000000000,0.0000000000000000,0.0000000000000000,-0.0000000000000000,-0.0000000000000000,-0.0000000000000000,-0.0000000000000000,-0.0000000000000000,-0.0000000000000000,-0.0000000000000000,-0.0000000000000000,-0.0000000000000000,-0.0000000000000000,-0.0000000000000000,-0.0000000000000000,-0.0000000000000000,-0.0000000000000000,-0.0000000000000000,-0.0000000000000000,-0.0000000000000000,-0.0000000000000000,-0.0000000000000000,-0.0000000000000000,0.0000000000000000,0.0000000000000000
0.0000000000000000,0.0000000000000000,-0.0000000000000000,-0.0000000000000000,-0.0000000000000000,-0.0000000000000000,-0.0000000000000000,-0.0000000000000000,-0.0000000000000000,-0.0000000000000000,-0.0000000000000000,-0.0000000000000000,-0.0000000000000000,-0.0000000000000000,-0.0000000000000000,-0.0000000000000000,-0.0000000000000000,-0.0000000000000000,-0.0000000000000000,-0.0000000000000000,-0.0000000000000000,-0.0000000000000000,0.0000000000000000,0.0000000000000000,0.0000000000000000,0.0000000000000000,0.0000000000000000,0.0000000000000000,0.0000000000000000,-0.0000000000000000,-0.0000000000000000,-0.0000000000000000,-0.0000000000000000,-0.0000000000000000,-0.0000000000000000,-0.0000000000000000,-0.0000000000000000,-0.0000000000000000,-0.0000000000000000,-0.0000000000000000,-0.0000000000000000,-0.0000000000000000,-0.0000000000000000,-0.0000000000000000,-0.0000000000000000,-0.0000000000000000,-0.0000000000000000,-0.0000000000000000,0.0000000000000000,0.0000000000000000
0.0000000000000000,0.0000000000000000,-0.0000000000000000,-0.0000000000000000,-0.0000000000000000,-0.0000000000000000,-0.0000000000000000,-0.0000000000000000,-0.0000000000000000,-0.0000000000000000,-0.0000000000000000,-0.0000000000000000,-0.0000000000000000,-0.0000000000000000,-0.0000000000000000,-0.0000000000000000,-0.0000000000000000,-0.0000000000000000,-0.0000000000000000,-0.0000000000000000,-0.0000000000000000,0.0000000000000000,0.0000000000000000,0.0000000000000000,0.0000000000000000,0.0000000000000000,0.0000000000000000,0.0000000000000000,0.0000000000000000,0.0000000000000000,-0.0000000000000000,-0.0000000000000000,-0.0000000000000000,-0.0000000000000000,-0.0000000000000000,-0.0000000000000000,-0.0000000000000000,-0.0000000000000000,-0.0000000000000000,-0.0000000000000000,-0.0000000000000000,-0.0000000000000000,-0.0000000000000000,-0.0000000000000000,-0.0000000000000000,-0.0000000000000000,-0.0000000000000000,-0.0000000000000000,0.0000000000000000,0.0000000000000000
0.0000000000000000,0.0000000000000000,-0.0000000000000000,-0.0000000000000000,-0.0000000000000000,-0.0000000000000000,-0.0000000000000000,-0.0000000000000000,-0.0000000000000000,-0.0000000000000000,-0.0000000000000000,-0.0000000000000000,-0.0000000000000000,-0.0000000000000000,-0.0000000000000000,-0.0000000000000000,-0.0000000000000000,-0.0000000000000000,-0.0000000000000000,-0.0000000000000000,0.0000000000000000,0.0000000000000000,0.0000000000000000,0.0000000000000000,0.0000000000000000,0.0000000000000000,0.0000000000000000,0.0000000000000000,0.0000000000000000,0.0000000000000000,0.0000000000000000,-0.0000000000000000,-0.0000000000000000,-0.0000000000000000,-0.0000000000000000,-0.0000000000000000,-0.0000000000000000,-0.0000000000000000,-0.0000000000000000,-0.0000000000000000,-0.0000000000000000,-0.0000000000000000,-0.0000000000000000,-0.0000000000000000,-0.0000000000000000,-0.0000000000000000,-0.0000000000000000,-0.0000000000000000,0.0000000000000000,0.0000000000000000
0.0000000000000000,0.0000000000000000,-0.0000000000000000,-0.0000000000000000,-0.0000000000000000,-0.0000000000000000,-0.0000000000000000,-0.0000000000000000,-0.0000000000000000,-0.0000000000000000,-0.0000000000000000,-0.0000000000000000,-0.0000000000000000,-0.0000000000000000,-0.0000000000000000,-0.0000000000000000,-0.0000000000000000,-0.0000000000000000,-0.0000000000000000,0.0000000000000000,0.0000000000000000,0.0000000000000000,0.0000000000000000,0.0000000000000000,0.0000000000000000,0.0000000000000000,0.0000000000000000,0.0000000000000000,0.0000000000000000,0.0000000000000000,0.0000000000000000,0.0000000000000000,-0.0000000000000000,-0.0000000000000000,-0.0000000000000000,-0.0000000000000000,-0.0000000000000000,-0.0000000000000000,-0.0000000000000000,-0.0000000000000000,-0.0000000000000000,-0.0000000000000000,-0.0000000000000000,-0.0000000000000000,-0.0000000000000000,-0.0000000000000000,-0.0000000000000000,-0.0000000000000000,0.0000000000000000,0.0000000000000000
0.0000000000000000,0.0000000000000000,-0.0000000000000000,-0.0000000000000000,-0.0000000000000000,-0.0000000000000000,-0.0000000000000000,-0.0000000000000000,-0.0000000000000000,-0.0000000000000000,-0.0000000000000000,-0.0000000000000000,-0.0000000000000000,-0.0000000000000000,-0.0000000000000000,-0.0000000000000000,-0.0000000000000000,-0.0000000000000000,0.0000000000000000,0.0000000000000000,0.0000000000000000,0.0000000000000000,0.0000000000000000,0.0000000000000000,0.0000000000000000,0.0000000000000000,0.0000000000000000,0.0000000000000000,0.0000000000000000,0.0000000000000000,0.0000000000000000,0.0000000000000000,0.0000000000000000,-0.0000000000000000,-0.0000000000000000,-0.0000000000000000,-0.0000000000000000,-0.0000000000000000,-0.0000000000000000,-0.0000000000000000,-0.0000000000000000,-0.0000000000000000,-0.0000000000000000,-0.0000000000000000,-0.0000000000000000,-0.0000000000000000,-0.0000000000000000,-0.0000000000000000,0.0000000000000000,0.0000000000000000
0.0000000000000000,0.0000000000000000,0.0000000000000000,0.0000000000000000,0.0000000000000000,0.0000000000000000,0.0000000000000000,0.0000000000000000,0.0000000000000000,0.0000000000000000,0.0000000000000000,0.0000000000000000,0.0000000000000000,0.0000000000000000,0.0000000000000000,0.0000000000000000,0.0000000000000000,0.0000000000000000,0.0000000000000000,0.0000000000000000,0.0000000000000000,0.0000000000000000,0.0000000000000000,0.0000000000000000,0.0000000000000000,0.0000000000000000,0.0000000000000000,0.0000000000000000,0.0000000000000000,0.0000000000000000,0.0000000000000000,0.0000000000000000,0.0000000000000000,0.0000000000000000,0.0000000000000000,0.0000000000000000,0.0000000000000000,0.0000000000000000,0.0000000000000000,0.0000000000000000,0.0000000000000000,0.0000000000000000,0.0000000000000000,0.0000000000000000,0.0000000000000000,0.0000000000000000,0.0000000000000000,0.0000000000000000,0.0000000000000000,0.0000000000000000
